ts,running,waiting,kv_cache_usage_perc,error
1783033508.9775088,0.0,0.0,0.0,
1783033509.0857604,0.0,0.0,0.0,
1783033509.1912324,0.0,0.0,0.0,
1783033509.297229,16.0,16.0,0.004854917014790572,
1783033509.4029553,16.0,16.0,0.004854917014790572,
1783033509.5087206,16.0,16.0,0.004854917014790572,
1783033509.6145544,16.0,16.0,0.004854917014790572,
1783033509.7200837,16.0,16.0,0.005457077264687027,
1783033509.8255951,16.0,16.0,0.005457077264687027,
1783033509.9312642,16.0,16.0,0.005457077264687027,
1783033510.0367508,16.0,16.0,0.005457077264687027,
1783033510.1426606,16.0,16.0,0.005457077264687027,
1783033510.2481494,16.0,16.0,0.005457077264687027,
1783033510.3536162,16.0,16.0,0.006059237514583593,
1783033510.458954,16.0,16.0,0.006059237514583593,
1783033510.5646267,16.0,16.0,0.006059237514583593,
1783033510.670477,16.0,16.0,0.006059237514583593,
1783033510.7762015,16.0,16.0,0.006059237514583593,
1783033510.8821054,16.0,16.0,0.006134507545820678,
1783033510.9876065,16.0,16.0,0.006661397764480048,
1783033511.093475,16.0,16.0,0.006661397764480048,
1783033511.199274,16.0,16.0,0.006661397764480048,
1783033511.304808,16.0,16.0,0.006661397764480048,
1783033511.4115646,16.0,16.0,0.006661397764480048,
1783033511.5179648,16.0,16.0,0.007263558014376614,
1783033511.6233442,16.0,16.0,0.007263558014376614,
1783033511.7286932,16.0,16.0,0.007263558014376614,
1783033511.8341863,16.0,16.0,0.007263558014376614,
1783033511.9394803,16.0,16.0,0.007263558014376614,
1783033512.0451295,16.0,16.0,0.007263558014376614,
1783033512.1515064,16.0,16.0,0.00786571826427307,
1783033512.2570977,16.0,16.0,0.00786571826427307,
1783033512.3625546,16.0,16.0,0.00786571826427307,
1783033512.467849,16.0,16.0,0.00786571826427307,
1783033512.573383,16.0,16.0,0.00786571826427307,
1783033512.6793764,16.0,16.0,0.008467878514169636,
1783033512.7847807,16.0,16.0,0.008467878514169636,
1783033512.8901136,16.0,16.0,0.008467878514169636,
1783033512.995685,16.0,16.0,0.008467878514169636,
1783033513.1009924,16.0,16.0,0.008467878514169636,
1783033513.206457,16.0,16.0,0.008467878514169636,
1783033513.31205,16.0,16.0,0.00907003876406609,
1783033513.4175816,16.0,16.0,0.00907003876406609,
1783033513.5228896,16.0,16.0,0.00907003876406609,
1783033513.628246,16.0,16.0,0.00907003876406609,
1783033513.733657,16.0,16.0,0.00907003876406609,
1783033513.8390515,16.0,16.0,0.009145308795303175,
1783033513.9446597,16.0,16.0,0.009672199013962546,
1783033514.0504203,16.0,16.0,0.009672199013962546,
1783033514.1560276,16.0,16.0,0.009672199013962546,
1783033514.2613616,16.0,16.0,0.009672199013962546,
1783033514.3669074,16.0,16.0,0.009672199013962546,
1783033514.472254,16.0,16.0,0.010274359263859112,
1783033514.5783484,16.0,16.0,0.010274359263859112,
1783033514.6842453,16.0,16.0,0.010274359263859112,
1783033514.7894967,16.0,16.0,0.010274359263859112,
1783033514.8951068,16.0,16.0,0.010274359263859112,
1783033515.0003939,16.0,16.0,0.010274359263859112,
1783033515.1055865,16.0,16.0,0.010876519513755567,
1783033515.2107546,16.0,16.0,0.010876519513755567,
1783033515.317225,16.0,16.0,0.010876519513755567,
1783033515.422962,16.0,16.0,0.010876519513755567,
1783033515.5283196,16.0,16.0,0.010876519513755567,
1783033515.6341078,16.0,16.0,0.010876519513755567,
1783033515.7397375,16.0,16.0,0.011478679763652133,
1783033515.8449044,16.0,16.0,0.011478679763652133,
1783033515.9502745,16.0,16.0,0.011478679763652133,
1783033516.0556767,16.0,16.0,0.011478679763652133,
1783033516.1608734,16.0,16.0,0.011478679763652133,
1783033516.2662766,16.0,16.0,0.011553949794889218,
1783033516.37151,16.0,16.0,0.012080840013548588,
1783033516.4766743,16.0,16.0,0.012080840013548588,
1783033516.5819557,16.0,16.0,0.012080840013548588,
1783033516.6872258,16.0,16.0,0.012080840013548588,
1783033516.7926645,16.0,16.0,0.012080840013548588,
1783033516.897998,16.0,16.0,0.012683000263445154,
1783033517.003826,16.0,16.0,0.012683000263445154,
1783033517.1094446,16.0,16.0,0.012683000263445154,
1783033517.2147493,16.0,16.0,0.012683000263445154,
1783033517.3217,16.0,16.0,0.012683000263445154,
1783033517.4273634,16.0,16.0,0.012683000263445154,
1783033517.5325432,16.0,16.0,0.01328516051334161,
1783033517.6376665,16.0,16.0,0.01328516051334161,
1783033517.7427225,16.0,16.0,0.01328516051334161,
1783033517.84778,16.0,16.0,0.01328516051334161,
1783033517.9528828,16.0,16.0,0.01328516051334161,
1783033518.0585363,16.0,16.0,0.013360430544578694,
1783033518.1636477,16.0,16.0,0.013887320763238065,
1783033518.2687054,16.0,16.0,0.013887320763238065,
1783033518.3738022,16.0,16.0,0.013887320763238065,
1783033518.478865,16.0,16.0,0.013887320763238065,
1783033518.5839489,16.0,16.0,0.013887320763238065,
1783033518.6892445,16.0,16.0,0.01448948101313463,
1783033518.7942681,16.0,16.0,0.01448948101313463,
1783033518.8993583,16.0,16.0,0.01448948101313463,
1783033519.0047593,16.0,16.0,0.01448948101313463,
1783033519.1099155,16.0,16.0,0.01448948101313463,
1783033519.215368,16.0,16.0,0.014564751044371715,
1783033519.3205347,16.0,16.0,0.015091641263031086,
1783033519.4255812,16.0,16.0,0.015091641263031086,
1783033519.5306542,16.0,16.0,0.015091641263031086,
1783033519.6357222,16.0,16.0,0.015091641263031086,
1783033519.740773,16.0,16.0,0.015091641263031086,
1783033519.8462462,16.0,16.0,0.015693801512927652,
1783033519.9515755,16.0,16.0,0.015693801512927652,
1783033520.0566387,16.0,16.0,0.015693801512927652,
1783033520.1616743,16.0,16.0,0.015693801512927652,
1783033520.26675,16.0,16.0,0.015693801512927652,
1783033520.3717995,16.0,16.0,0.015693801512927652,
1783033520.4774063,16.0,16.0,0.016295961762824107,
1783033520.5844922,16.0,16.0,0.016295961762824107,
1783033520.6898868,16.0,16.0,0.016295961762824107,
1783033520.7949512,16.0,16.0,0.016295961762824107,
1783033520.9000738,16.0,16.0,0.016295961762824107,
1783033521.0055158,16.0,16.0,0.016371231794061192,
1783033521.1109138,16.0,16.0,0.016898122012720673,
1783033521.2159634,16.0,16.0,0.016898122012720673,
1783033521.3213356,16.0,16.0,0.016898122012720673,
1783033521.426353,16.0,16.0,0.016898122012720673,
1783033521.531442,16.0,16.0,0.016898122012720673,
1783033521.6364784,16.0,16.0,0.01750028226261713,
1783033521.7415876,16.0,16.0,0.01750028226261713,
1783033521.846684,16.0,16.0,0.01750028226261713,
1783033521.9529338,16.0,16.0,0.01750028226261713,
1783033522.05834,16.0,16.0,0.01750028226261713,
1783033522.1636558,16.0,16.0,0.01750028226261713,
1783033522.2691927,16.0,16.0,0.018102442512513695,
1783033522.375025,16.0,16.0,0.018102442512513695,
1783033522.480209,16.0,16.0,0.018102442512513695,
1783033522.5856032,16.0,16.0,0.018102442512513695,
1783033522.6906984,16.0,16.0,0.018102442512513695,
1783033522.7958755,16.0,16.0,0.018177712543750668,
1783033522.9010222,16.0,16.0,0.01870460276241015,
1783033523.0065475,16.0,16.0,0.01870460276241015,
1783033523.1116126,16.0,16.0,0.01870460276241015,
1783033523.2169688,16.0,16.0,0.01870460276241015,
1783033523.3223627,16.0,16.0,0.01870460276241015,
1783033523.4274373,16.0,16.0,0.019306763012306605,
1783033523.5324833,16.0,16.0,0.019306763012306605,
1783033523.6374927,16.0,16.0,0.019306763012306605,
1783033523.7425716,16.0,16.0,0.019306763012306605,
1783033523.8476596,16.0,16.0,0.019306763012306605,
1783033523.952723,16.0,16.0,0.019306763012306605,
1783033524.0577574,16.0,16.0,0.01990892326220317,
1783033524.1628406,16.0,16.0,0.01990892326220317,
1783033524.2679117,16.0,16.0,0.01990892326220317,
1783033524.3730526,16.0,16.0,0.01990892326220317,
1783033524.4783812,16.0,16.0,0.01990892326220317,
1783033524.5837102,16.0,16.0,0.019984193293440256,
1783033524.6887727,16.0,16.0,0.020511083512099626,
1783033524.794212,16.0,16.0,0.020511083512099626,
1783033524.899242,16.0,16.0,0.020511083512099626,
1783033525.004335,16.0,16.0,0.020511083512099626,
1783033525.1098936,16.0,16.0,0.020511083512099626,
1783033525.2151637,16.0,16.0,0.021113243761996192,
1783033525.3205817,16.0,16.0,0.021113243761996192,
1783033525.4256368,16.0,16.0,0.021113243761996192,
1783033525.5306756,16.0,16.0,0.021113243761996192,
1783033525.6357405,16.0,16.0,0.021113243761996192,
1783033525.740767,16.0,16.0,0.021188513793233277,
1783033525.845889,16.0,16.0,0.021715404011892647,
1783033525.9509883,16.0,16.0,0.021715404011892647,
1783033526.0560827,16.0,16.0,0.021715404011892647,
1783033526.1612053,16.0,16.0,0.021715404011892647,
1783033526.2662556,16.0,16.0,0.021715404011892647,
1783033526.3715682,16.0,16.0,0.021790674043129732,
1783033526.4766529,16.0,16.0,0.022317564261789213,
1783033526.5817318,16.0,16.0,0.022317564261789213,
1783033526.6867623,16.0,16.0,0.022317564261789213,
1783033526.7918274,16.0,16.0,0.022317564261789213,
1783033526.8968887,16.0,16.0,0.022317564261789213,
1783033527.0019867,16.0,16.0,0.02291972451168567,
1783033527.1070292,16.0,16.0,0.02291972451168567,
1783033527.2121646,16.0,16.0,0.02291972451168567,
1783033527.3174808,16.0,16.0,0.02291972451168567,
1783033527.4225953,16.0,16.0,0.02291972451168567,
1783033527.527719,16.0,16.0,0.022994994542922753,
1783033527.6329732,16.0,16.0,0.023521884761582124,
1783033527.738369,16.0,16.0,0.023521884761582124,
1783033527.8435094,16.0,16.0,0.023521884761582124,
1783033527.9485905,16.0,16.0,0.023521884761582124,
1783033528.0539587,16.0,16.0,0.023521884761582124,
1783033528.1590207,16.0,16.0,0.02412404501147869,
1783033528.2641654,14.0,16.0,0.021640133980655563,
1783033528.3698306,16.0,0.0,0.004854917014790572,
1783033528.4750054,16.0,0.0,0.004854917014790572,
1783033528.5801318,16.0,0.0,0.004854917014790572,
1783033528.6852078,16.0,0.0,0.004854917014790572,
1783033528.790268,16.0,0.0,0.005457077264687027,
1783033528.8953493,16.0,0.0,0.005457077264687027,
1783033529.000694,16.0,0.0,0.005457077264687027,
1783033529.106243,16.0,0.0,0.005457077264687027,
1783033529.211329,16.0,0.0,0.005457077264687027,
1783033529.3164096,16.0,0.0,0.0055323472959241116,
1783033529.4214525,16.0,0.0,0.006059237514583593,
1783033529.5265403,16.0,0.0,0.006059237514583593,
1783033529.631589,16.0,0.0,0.006059237514583593,
1783033529.7366154,16.0,0.0,0.006059237514583593,
1783033529.8416786,16.0,0.0,0.006059237514583593,
1783033529.9467566,16.0,0.0,0.006661397764480048,
1783033530.0517533,16.0,0.0,0.006661397764480048,
1783033530.1571498,16.0,0.0,0.006661397764480048,
1783033530.2622142,16.0,0.0,0.006661397764480048,
1783033530.367315,16.0,0.0,0.006661397764480048,
1783033530.4723868,16.0,0.0,0.006661397764480048,
1783033530.5774956,16.0,0.0,0.007263558014376614,
1783033530.682608,16.0,0.0,0.007263558014376614,
1783033530.7878952,16.0,0.0,0.007263558014376614,
1783033530.8930078,16.0,0.0,0.007263558014376614,
1783033530.9980526,16.0,0.0,0.007263558014376614,
1783033531.1030655,16.0,0.0,0.007338828045613588,
1783033531.208232,16.0,0.0,0.00786571826427307,
1783033531.3133175,16.0,0.0,0.00786571826427307,
1783033531.4185054,16.0,0.0,0.00786571826427307,
1783033531.5237596,16.0,0.0,0.00786571826427307,
1783033531.6288433,16.0,0.0,0.00786571826427307,
1783033531.734174,16.0,0.0,0.008467878514169636,
1783033531.839419,16.0,0.0,0.008467878514169636,
1783033531.9448574,16.0,0.0,0.008467878514169636,
1783033532.0506744,16.0,0.0,0.008467878514169636,
1783033532.156336,16.0,0.0,0.008467878514169636,
1783033532.2617843,16.0,0.0,0.008467878514169636,
1783033532.3669386,16.0,0.0,0.00907003876406609,
1783033532.4721644,16.0,0.0,0.00907003876406609,
1783033532.577895,16.0,0.0,0.00907003876406609,
1783033532.6830463,16.0,0.0,0.00907003876406609,
1783033532.7882495,16.0,0.0,0.00907003876406609,
1783033532.893384,16.0,0.0,0.009145308795303175,
1783033532.9986978,16.0,0.0,0.009672199013962546,
1783033533.1040695,16.0,0.0,0.009672199013962546,
1783033533.2091537,16.0,0.0,0.009672199013962546,
1783033533.314214,16.0,0.0,0.009672199013962546,
1783033533.4192622,16.0,0.0,0.009672199013962546,
1783033533.524423,16.0,0.0,0.010274359263859112,
1783033533.6295083,16.0,0.0,0.010274359263859112,
1783033533.734962,16.0,0.0,0.010274359263859112,
1783033533.8400428,16.0,0.0,0.010274359263859112,
1783033533.9451427,16.0,0.0,0.010274359263859112,
1783033534.0502486,16.0,0.0,0.010349629295096197,
1783033534.1554174,16.0,0.0,0.010876519513755567,
1783033534.2605124,16.0,0.0,0.010876519513755567,
1783033534.3656785,16.0,0.0,0.010876519513755567,
1783033534.4707866,16.0,0.0,0.010876519513755567,
1783033534.575883,16.0,0.0,0.010876519513755567,
1783033534.6814249,16.0,0.0,0.010951789544992652,
1783033534.786563,16.0,0.0,0.011478679763652133,
1783033534.891635,16.0,0.0,0.011478679763652133,
1783033534.996842,16.0,0.0,0.011478679763652133,
1783033535.1018589,16.0,0.0,0.011478679763652133,
1783033535.2068944,16.0,0.0,0.011478679763652133,
1783033535.3121498,16.0,0.0,0.012080840013548588,
1783033535.4172444,16.0,0.0,0.012080840013548588,
1783033535.5223114,16.0,0.0,0.012080840013548588,
1783033535.6273613,16.0,0.0,0.012080840013548588,
1783033535.7329397,16.0,0.0,0.012080840013548588,
1783033535.8379614,16.0,0.0,0.012156110044785673,
1783033535.9433677,16.0,0.0,0.012683000263445154,
1783033536.048422,16.0,0.0,0.012683000263445154,
1783033536.1537657,16.0,0.0,0.012683000263445154,
1783033536.2587993,16.0,0.0,0.012683000263445154,
1783033536.363875,16.0,0.0,0.012683000263445154,
1783033536.4691935,16.0,0.0,0.01328516051334161,
1783033536.5744336,16.0,0.0,0.01328516051334161,
1783033536.679748,16.0,0.0,0.01328516051334161,
1783033536.78482,16.0,0.0,0.01328516051334161,
1783033536.8898928,16.0,0.0,0.01328516051334161,
1783033536.9949582,16.0,0.0,0.01328516051334161,
1783033537.1000295,16.0,0.0,0.013887320763238065,
1783033537.2051115,16.0,0.0,0.013887320763238065,
1783033537.3104084,16.0,0.0,0.013887320763238065,
1783033537.4155073,16.0,0.0,0.013887320763238065,
1783033537.520607,16.0,0.0,0.013887320763238065,
1783033537.6256213,16.0,0.0,0.01396259079447515,
1783033537.7306185,16.0,0.0,0.01448948101313463,
1783033537.835648,16.0,0.0,0.01448948101313463,
1783033537.940904,16.0,0.0,0.01448948101313463,
1783033538.0459652,16.0,0.0,0.01448948101313463,
1783033538.1510272,16.0,0.0,0.01448948101313463,
1783033538.2564266,16.0,0.0,0.015091641263031086,
1783033538.361511,16.0,0.0,0.015091641263031086,
1783033538.4665792,16.0,0.0,0.015091641263031086,
1783033538.5716326,16.0,0.0,0.015091641263031086,
1783033538.6770382,16.0,0.0,0.015091641263031086,
1783033538.782195,16.0,0.0,0.015091641263031086,
1783033538.887262,16.0,0.0,0.015693801512927652,
1783033538.992576,16.0,0.0,0.015693801512927652,
1783033539.0976007,16.0,0.0,0.015693801512927652,
1783033539.2026174,16.0,0.0,0.015693801512927652,
1783033539.308055,16.0,0.0,0.015693801512927652,
1783033539.4131265,16.0,0.0,0.015769071544164737,
1783033539.5181544,16.0,0.0,0.016295961762824107,
1783033539.6232033,16.0,0.0,0.016295961762824107,
1783033539.7283344,16.0,0.0,0.016295961762824107,
1783033539.8337097,16.0,0.0,0.016295961762824107,
1783033539.9389203,16.0,0.0,0.016295961762824107,
1783033540.043963,16.0,0.0,0.016898122012720673,
1783033540.1492774,16.0,0.0,0.016898122012720673,
1783033540.2543967,16.0,0.0,0.016898122012720673,
1783033540.3594415,16.0,0.0,0.016898122012720673,
1783033540.4645429,16.0,0.0,0.016898122012720673,
1783033540.569606,16.0,0.0,0.016973392043957647,
1783033540.6748304,16.0,0.0,0.01750028226261713,
1783033540.779915,16.0,0.0,0.01750028226261713,
1783033540.885222,16.0,0.0,0.01750028226261713,
1783033540.9903147,16.0,0.0,0.01750028226261713,
1783033541.09571,16.0,0.0,0.01750028226261713,
1783033541.2007477,16.0,0.0,0.018102442512513695,
1783033541.306816,16.0,0.0,0.018102442512513695,
1783033541.411971,16.0,0.0,0.018102442512513695,
1783033541.5171463,16.0,0.0,0.018102442512513695,
1783033541.6221592,16.0,0.0,0.018102442512513695,
1783033541.7272418,16.0,0.0,0.018102442512513695,
1783033541.832344,16.0,0.0,0.01870460276241015,
1783033541.9376276,16.0,0.0,0.01870460276241015,
1783033542.042694,16.0,0.0,0.01870460276241015,
1783033542.147734,16.0,0.0,0.01870460276241015,
1783033542.2531698,16.0,0.0,0.01870460276241015,
1783033542.3582566,16.0,0.0,0.018779872793647234,
1783033542.4633548,16.0,0.0,0.019306763012306605,
1783033542.5684285,16.0,0.0,0.019306763012306605,
1783033542.6735554,16.0,0.0,0.019306763012306605,
1783033542.7786367,16.0,0.0,0.019306763012306605,
1783033542.8837118,16.0,0.0,0.019306763012306605,
1783033542.9887345,16.0,0.0,0.01990892326220317,
1783033543.0937247,16.0,0.0,0.01990892326220317,
1783033543.1987796,16.0,0.0,0.01990892326220317,
1783033543.3038514,16.0,0.0,0.01990892326220317,
1783033543.409177,16.0,0.0,0.01990892326220317,
1783033543.514489,16.0,0.0,0.01990892326220317,
1783033543.6198206,16.0,0.0,0.020511083512099626,
1783033543.7248921,16.0,0.0,0.020511083512099626,
1783033543.82997,16.0,0.0,0.020511083512099626,
1783033543.9352455,16.0,0.0,0.020511083512099626,
1783033544.0403728,16.0,0.0,0.020511083512099626,
1783033544.1454124,16.0,0.0,0.02058635354333671,
1783033544.250489,16.0,0.0,0.021113243761996192,
1783033544.3554883,16.0,0.0,0.021113243761996192,
1783033544.460528,16.0,0.0,0.021113243761996192,
1783033544.5656545,16.0,0.0,0.021113243761996192,
1783033544.6707034,16.0,0.0,0.021113243761996192,
1783033544.775771,16.0,0.0,0.021715404011892647,
1783033544.8808427,16.0,0.0,0.021715404011892647,
1783033544.9859192,16.0,0.0,0.021715404011892647,
1783033545.0909736,16.0,0.0,0.021715404011892647,
1783033545.1960382,16.0,0.0,0.021715404011892647,
1783033545.3013268,16.0,0.0,0.021715404011892647,
1783033545.4064183,16.0,0.0,0.022317564261789213,
1783033545.5114875,16.0,0.0,0.022317564261789213,
1783033545.6178374,16.0,0.0,0.022317564261789213,
1783033545.7236779,16.0,0.0,0.022317564261789213,
1783033545.8298361,16.0,0.0,0.022317564261789213,
1783033545.935416,16.0,0.0,0.022392834293026187,
1783033546.0407815,16.0,0.0,0.02291972451168567,
1783033546.1460402,16.0,0.0,0.02291972451168567,
1783033546.2512445,16.0,0.0,0.02291972451168567,
1783033546.3567874,16.0,0.0,0.02291972451168567,
1783033546.461999,16.0,0.0,0.02291972451168567,
1783033546.5675356,16.0,0.0,0.023521884761582124,
1783033546.6726842,16.0,0.0,0.023521884761582124,
1783033546.7779574,16.0,0.0,0.023521884761582124,
1783033546.8834825,16.0,0.0,0.023521884761582124,
1783033546.9891665,16.0,0.0,0.023521884761582124,
1783033547.094623,16.0,0.0,0.023597154792819208,
1783033547.2000637,16.0,0.0,0.02412404501147869,
