run_id,http_status,success,client_latency_seconds,service_latency_seconds,response_chars,response,error
1,200,True,3.9313912987709045,3.8519514352083206,99,"1. 商品标题：户外摄影包
2. 卖点：
   - 多个隔层设计，便于分类存放摄影器材。
   - 耐用的材质，适合户外使用。
   - 品牌标识，彰显品质。
3. 不可从图片确认的信息：容量大小。",
2,200,True,3.8776214253157377,3.8017689622938633,99,"1. 商品标题：户外摄影包
2. 卖点：
   - 多个隔层设计，便于分类存放摄影器材。
   - 耐用的材质，适合户外使用。
   - 品牌标识，彰显品质。
3. 不可从图片确认的信息：容量大小。",
3,200,True,3.8760304655879736,3.8002257645130157,99,"1. 商品标题：户外摄影包
2. 卖点：
   - 多个隔层设计，便于分类存放摄影器材。
   - 耐用的材质，适合户外使用。
   - 品牌标识，彰显品质。
3. 不可从图片确认的信息：容量大小。",
