timestamp_unix,latency_ms,ok,http_status,gateway_instance,error
1782128366.715376,4.357,1,200,inference-gateway-78cbd9f4cc-p6prt,
1782128366.821743,1.947,1,200,inference-gateway-78cbd9f4cc-bf52k,
1782128366.924261,1.571,1,200,inference-gateway-78cbd9f4cc-bf52k,
1782128367.029774,4.586,1,200,inference-gateway-78cbd9f4cc-p6prt,
1782128367.135855,4.778,1,200,inference-gateway-78cbd9f4cc-bf52k,
1782128367.241726,6.366,1,200,inference-gateway-78cbd9f4cc-p6prt,
1782128367.349569,63.672,1,200,inference-gateway-78cbd9f4cc-p6prt,
1782128367.514138,4.683,1,200,inference-gateway-78cbd9f4cc-p6prt,
1782128367.619671,4.564,1,200,inference-gateway-78cbd9f4cc-bf52k,
1782128367.725411,6.267,1,200,inference-gateway-78cbd9f4cc-p6prt,
1782128367.833833,5.214,1,200,inference-gateway-78cbd9f4cc-p6prt,
1782128367.940267,2.833,1,200,inference-gateway-78cbd9f4cc-p6prt,
1782128368.044374,3.541,1,200,inference-gateway-78cbd9f4cc-p6prt,
1782128368.149286,3.504,1,200,inference-gateway-78cbd9f4cc-p6prt,
1782128368.254686,4.761,1,200,inference-gateway-78cbd9f4cc-bf52k,
1782128368.360581,3.128,1,200,inference-gateway-78cbd9f4cc-p6prt,
1782128368.464074,5.670,1,200,inference-gateway-78cbd9f4cc-p6prt,
1782128368.571154,5.528,1,200,inference-gateway-78cbd9f4cc-p6prt,
1782128368.678366,4.765,1,200,inference-gateway-78cbd9f4cc-p6prt,
1782128368.784406,5.040,1,200,inference-gateway-78cbd9f4cc-bf52k,
1782128368.891802,4.586,1,200,inference-gateway-78cbd9f4cc-bf52k,
1782128369.000649,4.815,1,200,inference-gateway-78cbd9f4cc-bf52k,
1782128369.106729,5.769,1,200,inference-gateway-78cbd9f4cc-p6prt,
1782128369.213155,6.642,1,200,inference-gateway-78cbd9f4cc-bf52k,
1782128369.322185,3.584,1,200,inference-gateway-78cbd9f4cc-bf52k,
1782128369.426081,4.054,1,200,inference-gateway-78cbd9f4cc-p6prt,
1782128369.531151,5.491,1,200,inference-gateway-78cbd9f4cc-bf52k,
1782128369.637056,5.609,1,200,inference-gateway-78cbd9f4cc-p6prt,
1782128369.743087,3.590,1,200,inference-gateway-78cbd9f4cc-p6prt,
1782128369.847109,5.451,1,200,inference-gateway-78cbd9f4cc-p6prt,
1782128369.954225,4.978,1,200,inference-gateway-78cbd9f4cc-bf52k,
1782128370.060968,5.283,1,200,inference-gateway-78cbd9f4cc-p6prt,
1782128370.167179,3.807,1,200,inference-gateway-78cbd9f4cc-bf52k,
1782128370.272335,2.418,1,200,inference-gateway-78cbd9f4cc-p6prt,
1782128370.376156,3.646,1,200,inference-gateway-78cbd9f4cc-p6prt,
1782128370.488413,4.180,1,200,inference-gateway-78cbd9f4cc-bf52k,
1782128370.595098,4.251,1,200,inference-gateway-78cbd9f4cc-bf52k,
1782128370.702909,4.241,1,200,inference-gateway-78cbd9f4cc-bf52k,
1782128370.810102,5.338,1,200,inference-gateway-78cbd9f4cc-bf52k,
1782128370.916205,5.296,1,200,inference-gateway-78cbd9f4cc-p6prt,
1782128371.021989,4.315,1,200,inference-gateway-78cbd9f4cc-p6prt,
1782128371.128077,4.410,1,200,inference-gateway-78cbd9f4cc-p6prt,
1782128371.233206,5.332,1,200,inference-gateway-78cbd9f4cc-p6prt,
1782128371.338933,5.621,1,200,inference-gateway-78cbd9f4cc-bf52k,
1782128371.445156,3.965,1,200,inference-gateway-78cbd9f4cc-bf52k,
1782128371.549905,1.614,1,200,inference-gateway-78cbd9f4cc-p6prt,
1782128371.652090,2.124,1,200,inference-gateway-78cbd9f4cc-bf52k,
1782128371.756379,3.929,1,200,inference-gateway-78cbd9f4cc-p6prt,
1782128371.861319,5.301,1,200,inference-gateway-78cbd9f4cc-bf52k,
1782128371.966965,5.232,1,200,inference-gateway-78cbd9f4cc-p6prt,
1782128372.073167,5.120,1,200,inference-gateway-78cbd9f4cc-p6prt,
1782128372.179518,5.312,1,200,inference-gateway-78cbd9f4cc-p6prt,
1782128372.287325,4.467,1,200,inference-gateway-78cbd9f4cc-bf52k,
1782128372.392012,4.905,1,200,inference-gateway-78cbd9f4cc-bf52k,
1782128372.498028,5.747,1,200,inference-gateway-78cbd9f4cc-p6prt,
1782128372.609799,4.748,1,200,inference-gateway-78cbd9f4cc-bf52k,
1782128372.717933,4.684,1,200,inference-gateway-78cbd9f4cc-p6prt,
1782128372.823209,4.025,1,200,inference-gateway-78cbd9f4cc-p6prt,
1782128372.928363,4.968,1,200,inference-gateway-78cbd9f4cc-p6prt,
1782128373.034338,5.045,1,200,inference-gateway-78cbd9f4cc-bf52k,
1782128373.140965,4.627,1,200,inference-gateway-78cbd9f4cc-bf52k,
1782128373.246868,4.886,1,200,inference-gateway-78cbd9f4cc-bf52k,
1782128373.354903,5.773,1,200,inference-gateway-78cbd9f4cc-p6prt,
1782128373.461809,5.129,1,200,inference-gateway-78cbd9f4cc-bf52k,
1782128373.572545,4.338,1,200,inference-gateway-78cbd9f4cc-bf52k,
1782128373.682968,5.024,1,200,inference-gateway-78cbd9f4cc-bf52k,
1782128373.788217,4.923,1,200,inference-gateway-78cbd9f4cc-bf52k,
1782128373.894089,4.473,1,200,inference-gateway-78cbd9f4cc-bf52k,
1782128373.998905,4.871,1,200,inference-gateway-78cbd9f4cc-bf52k,
1782128374.106017,4.568,1,200,inference-gateway-78cbd9f4cc-p6prt,
1782128374.212154,4.327,1,200,inference-gateway-78cbd9f4cc-bf52k,
1782128374.317628,4.870,1,200,inference-gateway-78cbd9f4cc-bf52k,
1782128374.423144,3.547,1,200,inference-gateway-78cbd9f4cc-p6prt,
1782128374.527745,4.676,1,200,inference-gateway-78cbd9f4cc-p6prt,
1782128374.636063,3.953,1,200,inference-gateway-78cbd9f4cc-bf52k,
1782128374.741110,3.676,1,200,inference-gateway-78cbd9f4cc-p6prt,
1782128374.846270,4.291,1,200,inference-gateway-78cbd9f4cc-p6prt,
1782128374.950992,3.802,1,200,inference-gateway-78cbd9f4cc-bf52k,
1782128375.058632,4.303,1,200,inference-gateway-78cbd9f4cc-p6prt,
1782128375.164109,4.487,1,200,inference-gateway-78cbd9f4cc-p6prt,
1782128375.272600,7.851,1,200,inference-gateway-78cbd9f4cc-p6prt,
1782128375.381138,4.670,1,200,inference-gateway-78cbd9f4cc-p6prt,
1782128375.487675,5.270,1,200,inference-gateway-78cbd9f4cc-bf52k,
1782128375.593744,5.151,1,200,inference-gateway-78cbd9f4cc-p6prt,
1782128375.699198,5.479,1,200,inference-gateway-78cbd9f4cc-p6prt,
1782128375.805845,4.275,1,200,inference-gateway-78cbd9f4cc-bf52k,
1782128375.912638,4.186,1,200,inference-gateway-78cbd9f4cc-bf52k,
1782128376.018504,4.965,1,200,inference-gateway-78cbd9f4cc-p6prt,
1782128376.124473,4.603,1,200,inference-gateway-78cbd9f4cc-bf52k,
1782128376.231096,5.100,1,200,inference-gateway-78cbd9f4cc-bf52k,
1782128376.337137,5.570,1,200,inference-gateway-78cbd9f4cc-bf52k,
1782128376.443190,5.059,1,200,inference-gateway-78cbd9f4cc-bf52k,
1782128376.549098,4.018,1,200,inference-gateway-78cbd9f4cc-bf52k,
1782128376.653941,3.350,1,200,inference-gateway-78cbd9f4cc-p6prt,
1782128376.759405,1.820,1,200,inference-gateway-78cbd9f4cc-p6prt,
1782128376.862162,2.303,1,200,inference-gateway-78cbd9f4cc-bf52k,
1782128376.966518,6.737,1,200,inference-gateway-78cbd9f4cc-bf52k,
1782128377.074008,2.342,1,200,inference-gateway-78cbd9f4cc-p6prt,
1782128377.177144,1.455,1,200,inference-gateway-78cbd9f4cc-bf52k,
1782128377.278953,2.231,1,200,inference-gateway-78cbd9f4cc-p6prt,
1782128377.383398,1.407,1,200,inference-gateway-78cbd9f4cc-p6prt,
1782128377.487145,2.028,1,200,inference-gateway-78cbd9f4cc-bf52k,
1782128377.590087,3.316,1,200,inference-gateway-78cbd9f4cc-p6prt,
1782128377.694116,5.237,1,200,inference-gateway-78cbd9f4cc-p6prt,
1782128377.801076,5.536,1,200,inference-gateway-78cbd9f4cc-p6prt,
1782128377.908485,4.297,1,200,inference-gateway-78cbd9f4cc-bf52k,
1782128378.016751,5.525,1,200,inference-gateway-78cbd9f4cc-bf52k,
1782128378.123134,4.341,1,200,inference-gateway-78cbd9f4cc-bf52k,
1782128378.228360,4.560,1,200,inference-gateway-78cbd9f4cc-bf52k,
1782128378.335182,4.857,1,200,inference-gateway-78cbd9f4cc-bf52k,
1782128378.440816,5.075,1,200,inference-gateway-78cbd9f4cc-bf52k,
1782128378.547040,5.583,1,200,inference-gateway-78cbd9f4cc-p6prt,
1782128378.653160,4.826,1,200,inference-gateway-78cbd9f4cc-bf52k,
1782128378.760412,5.313,1,200,inference-gateway-78cbd9f4cc-bf52k,
1782128378.867546,4.982,1,200,inference-gateway-78cbd9f4cc-bf52k,
1782128378.973449,4.327,1,200,inference-gateway-78cbd9f4cc-bf52k,
1782128379.079129,5.301,1,200,inference-gateway-78cbd9f4cc-bf52k,
1782128379.185554,5.328,1,200,inference-gateway-78cbd9f4cc-bf52k,
1782128379.292081,4.353,1,200,inference-gateway-78cbd9f4cc-p6prt,
1782128379.398384,2.400,1,200,inference-gateway-78cbd9f4cc-p6prt,
1782128379.502648,2.408,1,200,inference-gateway-78cbd9f4cc-bf52k,
1782128379.606646,3.561,1,200,inference-gateway-78cbd9f4cc-p6prt,
1782128379.712844,4.935,1,200,inference-gateway-78cbd9f4cc-bf52k,
1782128379.821708,4.898,1,200,inference-gateway-78cbd9f4cc-bf52k,
1782128379.927340,7.171,1,200,inference-gateway-78cbd9f4cc-p6prt,
1782128380.035961,5.228,1,200,inference-gateway-78cbd9f4cc-bf52k,
1782128380.142509,4.585,1,200,inference-gateway-78cbd9f4cc-p6prt,
1782128380.248172,6.173,1,200,inference-gateway-78cbd9f4cc-p6prt,
1782128380.359161,4.946,1,200,inference-gateway-78cbd9f4cc-bf52k,
1782128380.468312,5.815,1,200,inference-gateway-78cbd9f4cc-p6prt,
1782128380.575358,5.099,1,200,inference-gateway-78cbd9f4cc-bf52k,
1782128380.682807,5.589,1,200,inference-gateway-78cbd9f4cc-bf52k,
1782128380.789542,4.182,1,200,inference-gateway-78cbd9f4cc-bf52k,
1782128380.894061,4.921,1,200,inference-gateway-78cbd9f4cc-bf52k,
1782128381.003229,5.862,1,200,inference-gateway-78cbd9f4cc-bf52k,
1782128381.138172,7.487,1,200,inference-gateway-78cbd9f4cc-bf52k,
1782128381.246998,5.290,1,200,inference-gateway-78cbd9f4cc-bf52k,
1782128381.355415,5.187,1,200,inference-gateway-78cbd9f4cc-p6prt,
1782128381.461657,6.627,1,200,inference-gateway-78cbd9f4cc-bf52k,
1782128381.569128,5.044,1,200,inference-gateway-78cbd9f4cc-p6prt,
1782128381.675336,6.046,1,200,inference-gateway-78cbd9f4cc-bf52k,
1782128381.782459,4.616,1,200,inference-gateway-78cbd9f4cc-p6prt,
1782128381.888076,5.029,1,200,inference-gateway-78cbd9f4cc-p6prt,
1782128381.995059,1.847,1,200,inference-gateway-78cbd9f4cc-p6prt,
1782128382.100541,3.725,1,200,inference-gateway-78cbd9f4cc-p6prt,
1782128382.205033,3.409,1,200,inference-gateway-78cbd9f4cc-p6prt,
1782128382.309054,6.640,1,200,inference-gateway-78cbd9f4cc-bf52k,
1782128382.417049,5.105,1,200,inference-gateway-78cbd9f4cc-p6prt,
1782128382.523127,4.275,1,200,inference-gateway-78cbd9f4cc-p6prt,
1782128382.629419,6.254,1,200,inference-gateway-78cbd9f4cc-bf52k,
1782128382.736575,4.638,1,200,inference-gateway-78cbd9f4cc-bf52k,
1782128382.841978,4.622,1,200,inference-gateway-78cbd9f4cc-bf52k,
1782128382.947363,5.987,1,200,inference-gateway-78cbd9f4cc-p6prt,
1782128383.054040,5.267,1,200,inference-gateway-78cbd9f4cc-bf52k,
1782128383.160165,4.413,1,200,inference-gateway-78cbd9f4cc-p6prt,
1782128383.265126,5.824,1,200,inference-gateway-78cbd9f4cc-p6prt,
1782128383.372101,4.468,1,200,inference-gateway-78cbd9f4cc-p6prt,
1782128383.476955,4.744,1,200,inference-gateway-78cbd9f4cc-bf52k,
1782128383.582139,5.581,1,200,inference-gateway-78cbd9f4cc-bf52k,
1782128383.688130,4.913,1,200,inference-gateway-78cbd9f4cc-p6prt,
1782128383.794146,5.188,1,200,inference-gateway-78cbd9f4cc-p6prt,
1782128383.900023,5.221,1,200,inference-gateway-78cbd9f4cc-bf52k,
1782128384.005971,4.405,1,200,inference-gateway-78cbd9f4cc-bf52k,
1782128384.111165,4.578,1,200,inference-gateway-78cbd9f4cc-p6prt,
1782128384.219003,5.376,1,200,inference-gateway-78cbd9f4cc-p6prt,
1782128384.325334,2.316,1,200,inference-gateway-78cbd9f4cc-p6prt,
1782128384.428120,2.894,1,200,inference-gateway-78cbd9f4cc-bf52k,
1782128384.531935,3.450,1,200,inference-gateway-78cbd9f4cc-p6prt,
1782128384.636822,5.370,1,200,inference-gateway-78cbd9f4cc-p6prt,
1782128384.743266,5.094,1,200,inference-gateway-78cbd9f4cc-bf52k,
1782128384.849660,4.849,1,200,inference-gateway-78cbd9f4cc-p6prt,
1782128384.955201,4.824,1,200,inference-gateway-78cbd9f4cc-p6prt,
1782128385.065093,5.013,1,200,inference-gateway-78cbd9f4cc-p6prt,
1782128385.172400,6.625,1,200,inference-gateway-78cbd9f4cc-p6prt,
1782128385.280495,5.484,1,200,inference-gateway-78cbd9f4cc-p6prt,
1782128385.387624,4.724,1,200,inference-gateway-78cbd9f4cc-p6prt,
1782128385.497048,5.786,1,200,inference-gateway-78cbd9f4cc-bf52k,
1782128385.604342,4.757,1,200,inference-gateway-78cbd9f4cc-bf52k,
1782128385.710290,4.470,1,200,inference-gateway-78cbd9f4cc-bf52k,
1782128385.817455,4.716,1,200,inference-gateway-78cbd9f4cc-bf52k,
1782128385.923373,4.335,1,200,inference-gateway-78cbd9f4cc-bf52k,
1782128386.028064,4.322,1,200,inference-gateway-78cbd9f4cc-bf52k,
1782128386.133039,4.602,1,200,inference-gateway-78cbd9f4cc-p6prt,
1782128386.238291,5.533,1,200,inference-gateway-78cbd9f4cc-bf52k,
1782128386.345149,5.054,1,200,inference-gateway-78cbd9f4cc-p6prt,
1782128386.451436,4.879,1,200,inference-gateway-78cbd9f4cc-bf52k,
1782128386.559202,4.527,1,200,inference-gateway-78cbd9f4cc-p6prt,
1782128386.668944,4.520,1,200,inference-gateway-78cbd9f4cc-bf52k,
1782128386.774059,4.404,1,200,inference-gateway-78cbd9f4cc-bf52k,
1782128386.879636,4.493,1,200,inference-gateway-78cbd9f4cc-bf52k,
1782128386.985431,5.649,1,200,inference-gateway-78cbd9f4cc-bf52k,
1782128387.091445,6.252,1,200,inference-gateway-78cbd9f4cc-bf52k,
1782128387.198420,5.393,1,200,inference-gateway-78cbd9f4cc-p6prt,
1782128387.308347,5.096,1,200,inference-gateway-78cbd9f4cc-bf52k,
1782128387.415891,3.788,1,200,inference-gateway-78cbd9f4cc-bf52k,
1782128387.520000,3.971,1,200,inference-gateway-78cbd9f4cc-p6prt,
1782128387.627931,5.299,1,200,inference-gateway-78cbd9f4cc-p6prt,
1782128387.734139,5.409,1,200,inference-gateway-78cbd9f4cc-p6prt,
1782128387.840027,4.790,1,200,inference-gateway-78cbd9f4cc-p6prt,
1782128387.946659,6.014,1,200,inference-gateway-78cbd9f4cc-bf52k,
1782128388.056217,6.013,1,200,inference-gateway-78cbd9f4cc-bf52k,
1782128388.163145,4.948,1,200,inference-gateway-78cbd9f4cc-p6prt,
1782128388.271114,5.622,1,200,inference-gateway-78cbd9f4cc-p6prt,
1782128388.378402,3.944,1,200,inference-gateway-78cbd9f4cc-bf52k,
1782128388.483751,4.872,1,200,inference-gateway-78cbd9f4cc-bf52k,
1782128388.591770,4.668,1,200,inference-gateway-78cbd9f4cc-bf52k,
1782128388.699908,4.799,1,200,inference-gateway-78cbd9f4cc-p6prt,
1782128388.809991,5.211,1,200,inference-gateway-78cbd9f4cc-bf52k,
1782128388.920007,5.098,1,200,inference-gateway-78cbd9f4cc-bf52k,
1782128389.026253,3.467,1,200,inference-gateway-78cbd9f4cc-p6prt,
1782128389.130156,4.854,1,200,inference-gateway-78cbd9f4cc-bf52k,
1782128389.236631,4.764,1,200,inference-gateway-78cbd9f4cc-p6prt,
1782128389.342400,5.649,1,200,inference-gateway-78cbd9f4cc-p6prt,
1782128389.448991,4.628,1,200,inference-gateway-78cbd9f4cc-bf52k,
1782128389.554716,3.125,1,200,inference-gateway-78cbd9f4cc-bf52k,
1782128389.658506,5.084,1,200,inference-gateway-78cbd9f4cc-p6prt,
1782128389.764061,5.032,1,200,inference-gateway-78cbd9f4cc-p6prt,
1782128389.870018,4.332,1,200,inference-gateway-78cbd9f4cc-p6prt,
1782128389.975147,5.133,1,200,inference-gateway-78cbd9f4cc-bf52k,
1782128390.081051,4.355,1,200,inference-gateway-78cbd9f4cc-bf52k,
1782128390.186376,3.437,1,200,inference-gateway-78cbd9f4cc-p6prt,
1782128390.291111,3.183,1,200,inference-gateway-78cbd9f4cc-bf52k,
1782128390.394950,4.264,1,200,inference-gateway-78cbd9f4cc-p6prt,
1782128390.500188,4.882,1,200,inference-gateway-78cbd9f4cc-bf52k,
1782128390.606087,2.593,1,200,inference-gateway-78cbd9f4cc-p6prt,
1782128390.709081,3.319,1,200,inference-gateway-78cbd9f4cc-p6prt,
1782128390.813219,4.096,1,200,inference-gateway-78cbd9f4cc-bf52k,
1782128390.918228,3.306,1,200,inference-gateway-78cbd9f4cc-bf52k,
1782128391.022632,2.752,1,200,inference-gateway-78cbd9f4cc-bf52k,
1782128391.126182,4.443,1,200,inference-gateway-78cbd9f4cc-bf52k,
1782128391.231178,5.027,1,200,inference-gateway-78cbd9f4cc-p6prt,
1782128391.337097,6.617,1,200,inference-gateway-78cbd9f4cc-bf52k,
1782128391.445462,5.241,1,200,inference-gateway-78cbd9f4cc-bf52k,
1782128391.554309,4.681,1,200,inference-gateway-78cbd9f4cc-p6prt,
1782128391.660121,5.493,1,200,inference-gateway-78cbd9f4cc-p6prt,
1782128391.770803,5.135,1,200,inference-gateway-78cbd9f4cc-bf52k,
1782128391.877378,3.106,1,200,inference-gateway-78cbd9f4cc-p6prt,
1782128391.981915,2.580,1,200,inference-gateway-78cbd9f4cc-p6prt,
1782128392.085063,2.989,1,200,inference-gateway-78cbd9f4cc-p6prt,
1782128392.189062,3.015,1,200,inference-gateway-78cbd9f4cc-bf52k,
1782128392.293052,3.881,1,200,inference-gateway-78cbd9f4cc-bf52k,
1782128392.400048,4.526,1,200,inference-gateway-78cbd9f4cc-p6prt,
1782128392.505723,4.855,1,200,inference-gateway-78cbd9f4cc-bf52k,
1782128392.611194,5.927,1,200,inference-gateway-78cbd9f4cc-bf52k,
1782128392.719128,4.928,1,200,inference-gateway-78cbd9f4cc-p6prt,
1782128392.825095,4.923,1,200,inference-gateway-78cbd9f4cc-p6prt,
1782128392.931088,5.144,1,200,inference-gateway-78cbd9f4cc-p6prt,
1782128393.039940,4.739,1,200,inference-gateway-78cbd9f4cc-p6prt,
1782128393.145332,4.345,1,200,inference-gateway-78cbd9f4cc-bf52k,
1782128393.250175,4.398,1,200,inference-gateway-78cbd9f4cc-bf52k,
1782128393.358633,5.047,1,200,inference-gateway-78cbd9f4cc-bf52k,
1782128393.466011,4.098,1,200,inference-gateway-78cbd9f4cc-bf52k,
1782128393.572635,3.253,1,200,inference-gateway-78cbd9f4cc-bf52k,
1782128393.677047,3.581,1,200,inference-gateway-78cbd9f4cc-p6prt,
1782128393.781347,3.228,1,200,inference-gateway-78cbd9f4cc-bf52k,
1782128393.886410,4.849,1,200,inference-gateway-78cbd9f4cc-bf52k,
1782128393.992583,3.078,1,200,inference-gateway-78cbd9f4cc-p6prt,
1782128394.096117,4.595,1,200,inference-gateway-78cbd9f4cc-bf52k,
1782128394.202156,4.959,1,200,inference-gateway-78cbd9f4cc-p6prt,
1782128394.307944,3.682,1,200,inference-gateway-78cbd9f4cc-p6prt,
1782128394.411907,2.655,1,200,inference-gateway-78cbd9f4cc-p6prt,
1782128394.515101,3.274,1,200,inference-gateway-78cbd9f4cc-bf52k,
1782128394.620626,3.166,1,200,inference-gateway-78cbd9f4cc-bf52k,
1782128394.726047,4.833,1,200,inference-gateway-78cbd9f4cc-p6prt,
1782128394.836039,5.147,1,200,inference-gateway-78cbd9f4cc-bf52k,
1782128394.942401,5.263,1,200,inference-gateway-78cbd9f4cc-p6prt,
1782128395.049162,5.155,1,200,inference-gateway-78cbd9f4cc-bf52k,
1782128395.155045,4.796,1,200,inference-gateway-78cbd9f4cc-p6prt,
1782128395.262434,5.141,1,200,inference-gateway-78cbd9f4cc-bf52k,
1782128395.368012,4.890,1,200,inference-gateway-78cbd9f4cc-bf52k,
1782128395.474940,4.903,1,200,inference-gateway-78cbd9f4cc-bf52k,
1782128395.581558,4.670,1,200,inference-gateway-78cbd9f4cc-p6prt,
1782128395.687419,3.423,1,200,inference-gateway-78cbd9f4cc-bf52k,
1782128395.792054,2.842,1,200,inference-gateway-78cbd9f4cc-bf52k,
1782128395.896600,3.832,1,200,inference-gateway-78cbd9f4cc-bf52k,
1782128396.001133,3.455,1,200,inference-gateway-78cbd9f4cc-bf52k,
1782128396.105489,2.898,1,200,inference-gateway-78cbd9f4cc-p6prt,
1782128396.211089,3.676,1,200,inference-gateway-78cbd9f4cc-p6prt,
1782128396.317431,3.588,1,200,inference-gateway-78cbd9f4cc-bf52k,
1782128396.421217,3.511,1,200,inference-gateway-78cbd9f4cc-p6prt,
1782128396.525232,2.721,1,200,inference-gateway-78cbd9f4cc-p6prt,
1782128396.629622,3.482,1,200,inference-gateway-78cbd9f4cc-bf52k,
1782128396.734437,3.459,1,200,inference-gateway-78cbd9f4cc-p6prt,
1782128396.839115,3.123,1,200,inference-gateway-78cbd9f4cc-bf52k,
1782128396.943126,2.565,1,200,inference-gateway-78cbd9f4cc-p6prt,
1782128397.046074,3.341,1,200,inference-gateway-78cbd9f4cc-p6prt,
1782128397.150366,3.953,1,200,inference-gateway-78cbd9f4cc-bf52k,
1782128397.255754,2.743,1,200,inference-gateway-78cbd9f4cc-bf52k,
1782128397.359951,3.450,1,200,inference-gateway-78cbd9f4cc-bf52k,
1782128397.464081,2.448,1,200,inference-gateway-78cbd9f4cc-bf52k,
1782128397.568223,4.336,1,200,inference-gateway-78cbd9f4cc-bf52k,
1782128397.673190,3.524,1,200,inference-gateway-78cbd9f4cc-bf52k,
1782128397.777385,5.775,1,200,inference-gateway-78cbd9f4cc-bf52k,
1782128397.885134,5.836,1,200,inference-gateway-78cbd9f4cc-p6prt,
1782128397.991674,4.207,1,200,inference-gateway-78cbd9f4cc-bf52k,
1782128398.099077,112.065,1,200,inference-gateway-78cbd9f4cc-p6prt,
1782128398.311860,1.934,1,200,inference-gateway-78cbd9f4cc-p6prt,
1782128398.414871,2.239,1,200,inference-gateway-78cbd9f4cc-bf52k,
1782128398.517791,1.545,1,200,inference-gateway-78cbd9f4cc-bf52k,
1782128398.620933,1.566,1,200,inference-gateway-78cbd9f4cc-p6prt,
1782128398.723893,5.423,1,200,inference-gateway-78cbd9f4cc-bf52k,
1782128398.830774,5.166,1,200,inference-gateway-78cbd9f4cc-p6prt,
1782128398.939456,5.384,1,200,inference-gateway-78cbd9f4cc-bf52k,
1782128399.047370,6.027,1,200,inference-gateway-78cbd9f4cc-p6prt,
1782128399.155490,6.606,1,200,inference-gateway-78cbd9f4cc-p6prt,
1782128399.262969,5.583,1,200,inference-gateway-78cbd9f4cc-p6prt,
1782128399.370146,4.953,1,200,inference-gateway-78cbd9f4cc-p6prt,
1782128399.476272,5.427,1,200,inference-gateway-78cbd9f4cc-p6prt,
1782128399.582699,3.165,1,200,inference-gateway-78cbd9f4cc-p6prt,
1782128399.686893,3.568,1,200,inference-gateway-78cbd9f4cc-bf52k,
1782128399.790726,2.386,1,200,inference-gateway-78cbd9f4cc-p6prt,
1782128399.893947,4.842,1,200,inference-gateway-78cbd9f4cc-bf52k,
1782128400.003360,6.350,1,200,inference-gateway-78cbd9f4cc-bf52k,
1782128400.110956,5.858,1,200,inference-gateway-78cbd9f4cc-bf52k,
1782128400.218078,4.943,1,200,inference-gateway-78cbd9f4cc-bf52k,
1782128400.323753,4.745,1,200,inference-gateway-78cbd9f4cc-bf52k,
1782128400.429672,5.214,1,200,inference-gateway-78cbd9f4cc-bf52k,
1782128400.535879,4.988,1,200,inference-gateway-78cbd9f4cc-bf52k,
1782128400.644382,4.692,1,200,inference-gateway-78cbd9f4cc-bf52k,
1782128400.750024,5.403,1,200,inference-gateway-78cbd9f4cc-bf52k,
1782128400.855890,4.807,1,200,inference-gateway-78cbd9f4cc-bf52k,
1782128400.963651,4.158,1,200,inference-gateway-78cbd9f4cc-bf52k,
1782128401.070083,5.398,1,200,inference-gateway-78cbd9f4cc-p6prt,
1782128401.177053,4.981,1,200,inference-gateway-78cbd9f4cc-bf52k,
1782128401.282954,4.662,1,200,inference-gateway-78cbd9f4cc-p6prt,
1782128401.388941,5.863,1,200,inference-gateway-78cbd9f4cc-bf52k,
1782128401.497315,5.345,1,200,inference-gateway-78cbd9f4cc-bf52k,
1782128401.603741,6.242,1,200,inference-gateway-78cbd9f4cc-bf52k,
1782128401.711019,5.886,1,200,inference-gateway-78cbd9f4cc-bf52k,
