timestamp,index,name,memory.used [MiB],memory.total [MiB],utilization.gpu [%],utilization.memory [%]
2026/05/13 21:34:27.217, 0, NVIDIA A100-SXM4-80GB, 75793, 81920, 0, 0
2026/05/13 21:34:27.223, 1, NVIDIA A100-SXM4-80GB, 75793, 81920, 0, 0
2026/05/13 21:34:32.226, 0, NVIDIA A100-SXM4-80GB, 75793, 81920, 0, 0
2026/05/13 21:34:32.228, 1, NVIDIA A100-SXM4-80GB, 75793, 81920, 0, 0
2026/05/13 21:34:37.230, 0, NVIDIA A100-SXM4-80GB, 75793, 81920, 0, 0
2026/05/13 21:34:37.232, 1, NVIDIA A100-SXM4-80GB, 75793, 81920, 0, 0
2026/05/13 21:34:42.233, 0, NVIDIA A100-SXM4-80GB, 75793, 81920, 0, 0
2026/05/13 21:34:42.235, 1, NVIDIA A100-SXM4-80GB, 75793, 81920, 0, 0
2026/05/13 21:34:47.237, 0, NVIDIA A100-SXM4-80GB, 75793, 81920, 0, 0
2026/05/13 21:34:47.238, 1, NVIDIA A100-SXM4-80GB, 75793, 81920, 0, 0
2026/05/13 21:34:52.241, 0, NVIDIA A100-SXM4-80GB, 75793, 81920, 0, 0
2026/05/13 21:34:52.242, 1, NVIDIA A100-SXM4-80GB, 75793, 81920, 0, 0
2026/05/13 21:34:57.244, 0, NVIDIA A100-SXM4-80GB, 75797, 81920, 98, 84
2026/05/13 21:34:57.246, 1, NVIDIA A100-SXM4-80GB, 75797, 81920, 98, 84
2026/05/13 21:35:02.247, 0, NVIDIA A100-SXM4-80GB, 75797, 81920, 0, 0
2026/05/13 21:35:02.249, 1, NVIDIA A100-SXM4-80GB, 75797, 81920, 0, 0
2026/05/13 21:35:07.251, 0, NVIDIA A100-SXM4-80GB, 75797, 81920, 0, 0
2026/05/13 21:35:07.253, 1, NVIDIA A100-SXM4-80GB, 75797, 81920, 0, 0
2026/05/13 21:35:12.254, 0, NVIDIA A100-SXM4-80GB, 75797, 81920, 0, 0
2026/05/13 21:35:12.256, 1, NVIDIA A100-SXM4-80GB, 75797, 81920, 0, 0
2026/05/13 21:35:17.258, 0, NVIDIA A100-SXM4-80GB, 75797, 81920, 0, 0
2026/05/13 21:35:17.260, 1, NVIDIA A100-SXM4-80GB, 75797, 81920, 0, 0
2026/05/13 21:35:22.263, 0, NVIDIA A100-SXM4-80GB, 75797, 81920, 0, 0
2026/05/13 21:35:22.264, 1, NVIDIA A100-SXM4-80GB, 75797, 81920, 0, 0
2026/05/13 21:35:27.266, 0, NVIDIA A100-SXM4-80GB, 75797, 81920, 0, 0
2026/05/13 21:35:27.268, 1, NVIDIA A100-SXM4-80GB, 75797, 81920, 0, 0
2026/05/13 21:35:32.269, 0, NVIDIA A100-SXM4-80GB, 75797, 81920, 0, 0
2026/05/13 21:35:32.271, 1, NVIDIA A100-SXM4-80GB, 75797, 81920, 0, 0
2026/05/13 21:35:37.272, 0, NVIDIA A100-SXM4-80GB, 75797, 81920, 0, 0
2026/05/13 21:35:37.274, 1, NVIDIA A100-SXM4-80GB, 75797, 81920, 0, 0
2026/05/13 21:35:42.276, 0, NVIDIA A100-SXM4-80GB, 75797, 81920, 0, 0
2026/05/13 21:35:42.279, 1, NVIDIA A100-SXM4-80GB, 75797, 81920, 0, 0
2026/05/13 21:35:47.281, 0, NVIDIA A100-SXM4-80GB, 75797, 81920, 0, 0
2026/05/13 21:35:47.283, 1, NVIDIA A100-SXM4-80GB, 75797, 81920, 0, 0
2026/05/13 21:35:52.287, 0, NVIDIA A100-SXM4-80GB, 75797, 81920, 0, 0
2026/05/13 21:35:52.288, 1, NVIDIA A100-SXM4-80GB, 75797, 81920, 0, 0
2026/05/13 21:35:57.289, 0, NVIDIA A100-SXM4-80GB, 75797, 81920, 0, 0
2026/05/13 21:35:57.291, 1, NVIDIA A100-SXM4-80GB, 75797, 81920, 0, 0
2026/05/13 21:36:02.292, 0, NVIDIA A100-SXM4-80GB, 75797, 81920, 0, 0
2026/05/13 21:36:02.294, 1, NVIDIA A100-SXM4-80GB, 75797, 81920, 0, 0
2026/05/13 21:36:07.296, 0, NVIDIA A100-SXM4-80GB, 75797, 81920, 0, 0
2026/05/13 21:36:07.297, 1, NVIDIA A100-SXM4-80GB, 75797, 81920, 0, 0
2026/05/13 21:36:12.298, 0, NVIDIA A100-SXM4-80GB, 75797, 81920, 0, 0
2026/05/13 21:36:12.301, 1, NVIDIA A100-SXM4-80GB, 75797, 81920, 0, 0
2026/05/13 21:36:17.302, 0, NVIDIA A100-SXM4-80GB, 75797, 81920, 0, 0
2026/05/13 21:36:17.304, 1, NVIDIA A100-SXM4-80GB, 75797, 81920, 0, 0
2026/05/13 21:36:22.305, 0, NVIDIA A100-SXM4-80GB, 75797, 81920, 0, 0
2026/05/13 21:36:22.307, 1, NVIDIA A100-SXM4-80GB, 75797, 81920, 0, 0
2026/05/13 21:36:27.308, 0, NVIDIA A100-SXM4-80GB, 75797, 81920, 0, 0
2026/05/13 21:36:27.309, 1, NVIDIA A100-SXM4-80GB, 75797, 81920, 0, 0
2026/05/13 21:36:32.311, 0, NVIDIA A100-SXM4-80GB, 75797, 81920, 0, 0
2026/05/13 21:36:32.313, 1, NVIDIA A100-SXM4-80GB, 75797, 81920, 0, 0
2026/05/13 21:36:37.316, 0, NVIDIA A100-SXM4-80GB, 75797, 81920, 0, 0
2026/05/13 21:36:37.318, 1, NVIDIA A100-SXM4-80GB, 75797, 81920, 0, 0
2026/05/13 21:36:42.319, 0, NVIDIA A100-SXM4-80GB, 75797, 81920, 0, 0
2026/05/13 21:36:42.321, 1, NVIDIA A100-SXM4-80GB, 75797, 81920, 0, 0
2026/05/13 21:36:47.323, 0, NVIDIA A100-SXM4-80GB, 75797, 81920, 0, 0
2026/05/13 21:36:47.325, 1, NVIDIA A100-SXM4-80GB, 75797, 81920, 0, 0
2026/05/13 21:36:52.327, 0, NVIDIA A100-SXM4-80GB, 75797, 81920, 0, 0
2026/05/13 21:36:52.329, 1, NVIDIA A100-SXM4-80GB, 75797, 81920, 0, 0
2026/05/13 21:36:57.331, 0, NVIDIA A100-SXM4-80GB, 75797, 81920, 0, 0
2026/05/13 21:36:57.332, 1, NVIDIA A100-SXM4-80GB, 75797, 81920, 0, 0
2026/05/13 21:37:02.333, 0, NVIDIA A100-SXM4-80GB, 75797, 81920, 0, 0
2026/05/13 21:37:02.335, 1, NVIDIA A100-SXM4-80GB, 75797, 81920, 0, 0
2026/05/13 21:37:07.337, 0, NVIDIA A100-SXM4-80GB, 75797, 81920, 0, 0
2026/05/13 21:37:07.338, 1, NVIDIA A100-SXM4-80GB, 75797, 81920, 0, 0
2026/05/13 21:37:12.341, 0, NVIDIA A100-SXM4-80GB, 75797, 81920, 0, 0
2026/05/13 21:37:12.342, 1, NVIDIA A100-SXM4-80GB, 75797, 81920, 0, 0
2026/05/13 21:37:17.344, 0, NVIDIA A100-SXM4-80GB, 75797, 81920, 0, 0
2026/05/13 21:37:17.346, 1, NVIDIA A100-SXM4-80GB, 75797, 81920, 0, 0
2026/05/13 21:37:22.347, 0, NVIDIA A100-SXM4-80GB, 75797, 81920, 0, 0
2026/05/13 21:37:22.349, 1, NVIDIA A100-SXM4-80GB, 75797, 81920, 0, 0
2026/05/13 21:37:27.351, 0, NVIDIA A100-SXM4-80GB, 75797, 81920, 0, 0
2026/05/13 21:37:27.353, 1, NVIDIA A100-SXM4-80GB, 75797, 81920, 0, 0
2026/05/13 21:37:32.354, 0, NVIDIA A100-SXM4-80GB, 75797, 81920, 0, 0
2026/05/13 21:37:32.356, 1, NVIDIA A100-SXM4-80GB, 75797, 81920, 0, 0
2026/05/13 21:37:37.358, 0, NVIDIA A100-SXM4-80GB, 75797, 81920, 0, 0
2026/05/13 21:37:37.360, 1, NVIDIA A100-SXM4-80GB, 75797, 81920, 0, 0
2026/05/13 21:37:42.362, 0, NVIDIA A100-SXM4-80GB, 75797, 81920, 0, 0
2026/05/13 21:37:42.364, 1, NVIDIA A100-SXM4-80GB, 75797, 81920, 0, 0
2026/05/13 21:37:47.366, 0, NVIDIA A100-SXM4-80GB, 75797, 81920, 0, 0
2026/05/13 21:37:47.368, 1, NVIDIA A100-SXM4-80GB, 75797, 81920, 0, 0
2026/05/13 21:37:52.369, 0, NVIDIA A100-SXM4-80GB, 75797, 81920, 0, 0
2026/05/13 21:37:52.371, 1, NVIDIA A100-SXM4-80GB, 75797, 81920, 0, 0
2026/05/13 21:37:57.373, 0, NVIDIA A100-SXM4-80GB, 75797, 81920, 0, 0
2026/05/13 21:37:57.374, 1, NVIDIA A100-SXM4-80GB, 75797, 81920, 0, 0
2026/05/13 21:38:02.376, 0, NVIDIA A100-SXM4-80GB, 75797, 81920, 0, 0
2026/05/13 21:38:02.378, 1, NVIDIA A100-SXM4-80GB, 75797, 81920, 0, 0
2026/05/13 21:38:07.379, 0, NVIDIA A100-SXM4-80GB, 75797, 81920, 0, 0
2026/05/13 21:38:07.382, 1, NVIDIA A100-SXM4-80GB, 75797, 81920, 0, 0
2026/05/13 21:38:12.383, 0, NVIDIA A100-SXM4-80GB, 75797, 81920, 0, 0
2026/05/13 21:38:12.385, 1, NVIDIA A100-SXM4-80GB, 75797, 81920, 0, 0
2026/05/13 21:38:17.386, 0, NVIDIA A100-SXM4-80GB, 75797, 81920, 0, 0
2026/05/13 21:38:17.388, 1, NVIDIA A100-SXM4-80GB, 75797, 81920, 0, 0
2026/05/13 21:38:22.389, 0, NVIDIA A100-SXM4-80GB, 75797, 81920, 0, 0
2026/05/13 21:38:22.391, 1, NVIDIA A100-SXM4-80GB, 75797, 81920, 0, 0
2026/05/13 21:38:27.393, 0, NVIDIA A100-SXM4-80GB, 75797, 81920, 0, 0
2026/05/13 21:38:27.395, 1, NVIDIA A100-SXM4-80GB, 75797, 81920, 0, 0
2026/05/13 21:38:32.397, 0, NVIDIA A100-SXM4-80GB, 75797, 81920, 0, 0
2026/05/13 21:38:32.399, 1, NVIDIA A100-SXM4-80GB, 75797, 81920, 0, 0
2026/05/13 21:38:37.402, 0, NVIDIA A100-SXM4-80GB, 75797, 81920, 0, 0
2026/05/13 21:38:37.404, 1, NVIDIA A100-SXM4-80GB, 75797, 81920, 0, 0
2026/05/13 21:38:42.406, 0, NVIDIA A100-SXM4-80GB, 75797, 81920, 0, 0
2026/05/13 21:38:42.408, 1, NVIDIA A100-SXM4-80GB, 75797, 81920, 0, 0
2026/05/13 21:38:47.409, 0, NVIDIA A100-SXM4-80GB, 75797, 81920, 0, 0
2026/05/13 21:38:47.413, 1, NVIDIA A100-SXM4-80GB, 75797, 81920, 0, 0
2026/05/13 21:38:52.415, 0, NVIDIA A100-SXM4-80GB, 75797, 81920, 0, 0
2026/05/13 21:38:52.417, 1, NVIDIA A100-SXM4-80GB, 75797, 81920, 0, 0
2026/05/13 21:38:57.419, 0, NVIDIA A100-SXM4-80GB, 75797, 81920, 0, 0
2026/05/13 21:38:57.421, 1, NVIDIA A100-SXM4-80GB, 75797, 81920, 0, 0
2026/05/13 21:39:02.423, 0, NVIDIA A100-SXM4-80GB, 75797, 81920, 0, 0
2026/05/13 21:39:02.425, 1, NVIDIA A100-SXM4-80GB, 75797, 81920, 0, 0
2026/05/13 21:39:07.427, 0, NVIDIA A100-SXM4-80GB, 75797, 81920, 0, 0
2026/05/13 21:39:07.428, 1, NVIDIA A100-SXM4-80GB, 75797, 81920, 0, 0
2026/05/13 21:39:12.429, 0, NVIDIA A100-SXM4-80GB, 75797, 81920, 0, 0
2026/05/13 21:39:12.431, 1, NVIDIA A100-SXM4-80GB, 75797, 81920, 0, 0
2026/05/13 21:39:17.433, 0, NVIDIA A100-SXM4-80GB, 75797, 81920, 0, 0
2026/05/13 21:39:17.434, 1, NVIDIA A100-SXM4-80GB, 75797, 81920, 0, 0
2026/05/13 21:39:22.436, 0, NVIDIA A100-SXM4-80GB, 75797, 81920, 0, 0
2026/05/13 21:39:22.438, 1, NVIDIA A100-SXM4-80GB, 75797, 81920, 0, 0
2026/05/13 21:39:27.439, 0, NVIDIA A100-SXM4-80GB, 75797, 81920, 0, 0
2026/05/13 21:39:27.441, 1, NVIDIA A100-SXM4-80GB, 75797, 81920, 0, 0
2026/05/13 21:39:32.442, 0, NVIDIA A100-SXM4-80GB, 75797, 81920, 0, 0
2026/05/13 21:39:32.444, 1, NVIDIA A100-SXM4-80GB, 75797, 81920, 0, 0
2026/05/13 21:39:37.446, 0, NVIDIA A100-SXM4-80GB, 75797, 81920, 0, 0
2026/05/13 21:39:37.447, 1, NVIDIA A100-SXM4-80GB, 75797, 81920, 0, 0
2026/05/13 21:39:42.449, 0, NVIDIA A100-SXM4-80GB, 75797, 81920, 0, 0
2026/05/13 21:39:42.451, 1, NVIDIA A100-SXM4-80GB, 75797, 81920, 0, 0
2026/05/13 21:39:47.452, 0, NVIDIA A100-SXM4-80GB, 75797, 81920, 0, 0
2026/05/13 21:39:47.454, 1, NVIDIA A100-SXM4-80GB, 75797, 81920, 0, 0
2026/05/13 21:39:52.456, 0, NVIDIA A100-SXM4-80GB, 75797, 81920, 0, 0
2026/05/13 21:39:52.457, 1, NVIDIA A100-SXM4-80GB, 75797, 81920, 0, 0
2026/05/13 21:39:57.459, 0, NVIDIA A100-SXM4-80GB, 75797, 81920, 0, 0
2026/05/13 21:39:57.461, 1, NVIDIA A100-SXM4-80GB, 75797, 81920, 0, 0
2026/05/13 21:40:02.463, 0, NVIDIA A100-SXM4-80GB, 75797, 81920, 0, 0
2026/05/13 21:40:02.464, 1, NVIDIA A100-SXM4-80GB, 75797, 81920, 0, 0
2026/05/13 21:40:07.466, 0, NVIDIA A100-SXM4-80GB, 75797, 81920, 0, 0
2026/05/13 21:40:07.468, 1, NVIDIA A100-SXM4-80GB, 75797, 81920, 0, 0
2026/05/13 21:40:12.469, 0, NVIDIA A100-SXM4-80GB, 75797, 81920, 0, 0
2026/05/13 21:40:12.471, 1, NVIDIA A100-SXM4-80GB, 75797, 81920, 0, 0
2026/05/13 21:40:17.472, 0, NVIDIA A100-SXM4-80GB, 75797, 81920, 0, 0
2026/05/13 21:40:17.474, 1, NVIDIA A100-SXM4-80GB, 75797, 81920, 0, 0
2026/05/13 21:40:22.476, 0, NVIDIA A100-SXM4-80GB, 75797, 81920, 0, 0
2026/05/13 21:40:22.478, 1, NVIDIA A100-SXM4-80GB, 75797, 81920, 0, 0
2026/05/13 21:40:27.479, 0, NVIDIA A100-SXM4-80GB, 75797, 81920, 0, 0
2026/05/13 21:40:27.481, 1, NVIDIA A100-SXM4-80GB, 75797, 81920, 0, 0
2026/05/13 21:40:32.482, 0, NVIDIA A100-SXM4-80GB, 75797, 81920, 0, 0
2026/05/13 21:40:32.484, 1, NVIDIA A100-SXM4-80GB, 75797, 81920, 0, 0
2026/05/13 21:40:37.486, 0, NVIDIA A100-SXM4-80GB, 75797, 81920, 0, 0
2026/05/13 21:40:37.488, 1, NVIDIA A100-SXM4-80GB, 75797, 81920, 0, 0
2026/05/13 21:40:42.489, 0, NVIDIA A100-SXM4-80GB, 75797, 81920, 0, 0
2026/05/13 21:40:42.491, 1, NVIDIA A100-SXM4-80GB, 75797, 81920, 0, 0
2026/05/13 21:40:47.492, 0, NVIDIA A100-SXM4-80GB, 75797, 81920, 0, 0
2026/05/13 21:40:47.493, 1, NVIDIA A100-SXM4-80GB, 75797, 81920, 0, 0
2026/05/13 21:40:52.495, 0, NVIDIA A100-SXM4-80GB, 75797, 81920, 0, 0
2026/05/13 21:40:52.496, 1, NVIDIA A100-SXM4-80GB, 75797, 81920, 0, 0
2026/05/13 21:40:57.498, 0, NVIDIA A100-SXM4-80GB, 75797, 81920, 0, 0
2026/05/13 21:40:57.502, 1, NVIDIA A100-SXM4-80GB, 75797, 81920, 0, 0
2026/05/13 21:41:02.503, 0, NVIDIA A100-SXM4-80GB, 75797, 81920, 0, 0
2026/05/13 21:41:02.508, 1, NVIDIA A100-SXM4-80GB, 75797, 81920, 0, 0
2026/05/13 21:41:07.510, 0, NVIDIA A100-SXM4-80GB, 75797, 81920, 0, 0
2026/05/13 21:41:07.511, 1, NVIDIA A100-SXM4-80GB, 75797, 81920, 0, 0
2026/05/13 21:41:12.513, 0, NVIDIA A100-SXM4-80GB, 75797, 81920, 0, 0
2026/05/13 21:41:12.514, 1, NVIDIA A100-SXM4-80GB, 75797, 81920, 0, 0
2026/05/13 21:41:17.516, 0, NVIDIA A100-SXM4-80GB, 75797, 81920, 0, 0
2026/05/13 21:41:17.518, 1, NVIDIA A100-SXM4-80GB, 75797, 81920, 0, 0
2026/05/13 21:41:22.519, 0, NVIDIA A100-SXM4-80GB, 75797, 81920, 0, 0
2026/05/13 21:41:22.521, 1, NVIDIA A100-SXM4-80GB, 75797, 81920, 0, 0
2026/05/13 21:41:27.523, 0, NVIDIA A100-SXM4-80GB, 75797, 81920, 0, 0
2026/05/13 21:41:27.524, 1, NVIDIA A100-SXM4-80GB, 75797, 81920, 0, 0
2026/05/13 21:41:32.526, 0, NVIDIA A100-SXM4-80GB, 75797, 81920, 0, 0
2026/05/13 21:41:32.527, 1, NVIDIA A100-SXM4-80GB, 75797, 81920, 0, 0
2026/05/13 21:41:37.529, 0, NVIDIA A100-SXM4-80GB, 75797, 81920, 0, 0
2026/05/13 21:41:37.530, 1, NVIDIA A100-SXM4-80GB, 75797, 81920, 0, 0
2026/05/13 21:41:42.532, 0, NVIDIA A100-SXM4-80GB, 75797, 81920, 0, 0
2026/05/13 21:41:42.533, 1, NVIDIA A100-SXM4-80GB, 75797, 81920, 0, 0
2026/05/13 21:41:47.535, 0, NVIDIA A100-SXM4-80GB, 75797, 81920, 0, 0
2026/05/13 21:41:47.536, 1, NVIDIA A100-SXM4-80GB, 75797, 81920, 0, 0
2026/05/13 21:41:52.538, 0, NVIDIA A100-SXM4-80GB, 75797, 81920, 0, 0
2026/05/13 21:41:52.539, 1, NVIDIA A100-SXM4-80GB, 75797, 81920, 0, 0
2026/05/13 21:41:57.540, 0, NVIDIA A100-SXM4-80GB, 75797, 81920, 0, 0
2026/05/13 21:41:57.542, 1, NVIDIA A100-SXM4-80GB, 75797, 81920, 0, 0
2026/05/13 21:42:02.543, 0, NVIDIA A100-SXM4-80GB, 75797, 81920, 0, 0
2026/05/13 21:42:02.545, 1, NVIDIA A100-SXM4-80GB, 75797, 81920, 0, 0
2026/05/13 21:42:07.547, 0, NVIDIA A100-SXM4-80GB, 75797, 81920, 0, 0
2026/05/13 21:42:07.549, 1, NVIDIA A100-SXM4-80GB, 75797, 81920, 0, 0
2026/05/13 21:42:12.551, 0, NVIDIA A100-SXM4-80GB, 75797, 81920, 0, 0
2026/05/13 21:42:12.552, 1, NVIDIA A100-SXM4-80GB, 75797, 81920, 0, 0
2026/05/13 21:42:17.553, 0, NVIDIA A100-SXM4-80GB, 75797, 81920, 0, 0
2026/05/13 21:42:17.555, 1, NVIDIA A100-SXM4-80GB, 75797, 81920, 0, 0
2026/05/13 21:42:22.557, 0, NVIDIA A100-SXM4-80GB, 75797, 81920, 98, 84
2026/05/13 21:42:22.558, 1, NVIDIA A100-SXM4-80GB, 75797, 81920, 98, 84
2026/05/13 21:42:27.559, 0, NVIDIA A100-SXM4-80GB, 75797, 81920, 98, 85
2026/05/13 21:42:27.562, 1, NVIDIA A100-SXM4-80GB, 75797, 81920, 98, 84
2026/05/13 21:42:32.564, 0, NVIDIA A100-SXM4-80GB, 75797, 81920, 98, 84
2026/05/13 21:42:32.566, 1, NVIDIA A100-SXM4-80GB, 75797, 81920, 98, 84
2026/05/13 21:42:37.567, 0, NVIDIA A100-SXM4-80GB, 75797, 81920, 98, 84
2026/05/13 21:42:37.568, 1, NVIDIA A100-SXM4-80GB, 75797, 81920, 98, 84
2026/05/13 21:42:42.570, 0, NVIDIA A100-SXM4-80GB, 75797, 81920, 97, 84
2026/05/13 21:42:42.571, 1, NVIDIA A100-SXM4-80GB, 75797, 81920, 98, 84
2026/05/13 21:42:47.573, 0, NVIDIA A100-SXM4-80GB, 75797, 81920, 0, 0
2026/05/13 21:42:47.574, 1, NVIDIA A100-SXM4-80GB, 75797, 81920, 0, 0
2026/05/13 21:42:52.576, 0, NVIDIA A100-SXM4-80GB, 75797, 81920, 0, 0
2026/05/13 21:42:52.577, 1, NVIDIA A100-SXM4-80GB, 75797, 81920, 0, 0
2026/05/13 21:42:57.579, 0, NVIDIA A100-SXM4-80GB, 75797, 81920, 0, 0
2026/05/13 21:42:57.581, 1, NVIDIA A100-SXM4-80GB, 75797, 81920, 0, 0
2026/05/13 21:43:02.582, 0, NVIDIA A100-SXM4-80GB, 75797, 81920, 0, 0
2026/05/13 21:43:02.584, 1, NVIDIA A100-SXM4-80GB, 75797, 81920, 0, 0
2026/05/13 21:43:07.586, 0, NVIDIA A100-SXM4-80GB, 75797, 81920, 0, 0
2026/05/13 21:43:07.588, 1, NVIDIA A100-SXM4-80GB, 75797, 81920, 0, 0
2026/05/13 21:43:12.590, 0, NVIDIA A100-SXM4-80GB, 75797, 81920, 0, 0
2026/05/13 21:43:12.592, 1, NVIDIA A100-SXM4-80GB, 75797, 81920, 0, 0
2026/05/13 21:43:17.593, 0, NVIDIA A100-SXM4-80GB, 75797, 81920, 0, 0
2026/05/13 21:43:17.596, 1, NVIDIA A100-SXM4-80GB, 75797, 81920, 0, 0
2026/05/13 21:43:22.597, 0, NVIDIA A100-SXM4-80GB, 75797, 81920, 0, 0
2026/05/13 21:43:22.824, 1, NVIDIA A100-SXM4-80GB, 75797, 81920, 0, 0
2026/05/13 21:43:27.826, 0, NVIDIA A100-SXM4-80GB, 75797, 81920, 0, 0
2026/05/13 21:43:27.828, 1, NVIDIA A100-SXM4-80GB, 75797, 81920, 0, 0
2026/05/13 21:43:32.830, 0, NVIDIA A100-SXM4-80GB, 75797, 81920, 0, 0
2026/05/13 21:43:32.831, 1, NVIDIA A100-SXM4-80GB, 75797, 81920, 0, 0
2026/05/13 21:43:37.833, 0, NVIDIA A100-SXM4-80GB, 75797, 81920, 0, 0
2026/05/13 21:43:37.835, 1, NVIDIA A100-SXM4-80GB, 75797, 81920, 0, 0
2026/05/13 21:43:42.837, 0, NVIDIA A100-SXM4-80GB, 75797, 81920, 0, 0
2026/05/13 21:43:42.838, 1, NVIDIA A100-SXM4-80GB, 75797, 81920, 0, 0
2026/05/13 21:43:47.841, 0, NVIDIA A100-SXM4-80GB, 75797, 81920, 0, 0
2026/05/13 21:43:47.842, 1, NVIDIA A100-SXM4-80GB, 75797, 81920, 0, 0
2026/05/13 21:43:52.844, 0, NVIDIA A100-SXM4-80GB, 75797, 81920, 0, 0
2026/05/13 21:43:52.846, 1, NVIDIA A100-SXM4-80GB, 75797, 81920, 0, 0
2026/05/13 21:43:57.847, 0, NVIDIA A100-SXM4-80GB, 75797, 81920, 0, 0
2026/05/13 21:43:57.849, 1, NVIDIA A100-SXM4-80GB, 75797, 81920, 0, 0
2026/05/13 21:44:02.851, 0, NVIDIA A100-SXM4-80GB, 75797, 81920, 0, 0
2026/05/13 21:44:02.854, 1, NVIDIA A100-SXM4-80GB, 75797, 81920, 0, 0
2026/05/13 21:44:07.856, 0, NVIDIA A100-SXM4-80GB, 75797, 81920, 0, 0
2026/05/13 21:44:07.858, 1, NVIDIA A100-SXM4-80GB, 75797, 81920, 0, 0
2026/05/13 21:44:12.859, 0, NVIDIA A100-SXM4-80GB, 75797, 81920, 0, 0
2026/05/13 21:44:12.861, 1, NVIDIA A100-SXM4-80GB, 75797, 81920, 0, 0
2026/05/13 21:44:17.863, 0, NVIDIA A100-SXM4-80GB, 75797, 81920, 0, 0
2026/05/13 21:44:17.864, 1, NVIDIA A100-SXM4-80GB, 75797, 81920, 0, 0
2026/05/13 21:44:22.866, 0, NVIDIA A100-SXM4-80GB, 75797, 81920, 0, 0
2026/05/13 21:44:22.868, 1, NVIDIA A100-SXM4-80GB, 75797, 81920, 0, 0
2026/05/13 21:44:27.869, 0, NVIDIA A100-SXM4-80GB, 75797, 81920, 0, 0
2026/05/13 21:44:27.871, 1, NVIDIA A100-SXM4-80GB, 75797, 81920, 0, 0
2026/05/13 21:44:32.872, 0, NVIDIA A100-SXM4-80GB, 75797, 81920, 0, 0
2026/05/13 21:44:32.874, 1, NVIDIA A100-SXM4-80GB, 75797, 81920, 0, 0
2026/05/13 21:44:37.876, 0, NVIDIA A100-SXM4-80GB, 75797, 81920, 0, 0
2026/05/13 21:44:37.878, 1, NVIDIA A100-SXM4-80GB, 75797, 81920, 0, 0
2026/05/13 21:44:42.879, 0, NVIDIA A100-SXM4-80GB, 75797, 81920, 0, 0
2026/05/13 21:44:42.882, 1, NVIDIA A100-SXM4-80GB, 75797, 81920, 0, 0
2026/05/13 21:44:47.883, 0, NVIDIA A100-SXM4-80GB, 75797, 81920, 0, 0
2026/05/13 21:44:47.886, 1, NVIDIA A100-SXM4-80GB, 75797, 81920, 0, 0
2026/05/13 21:44:52.887, 0, NVIDIA A100-SXM4-80GB, 75797, 81920, 0, 0
2026/05/13 21:44:52.888, 1, NVIDIA A100-SXM4-80GB, 75797, 81920, 0, 0
2026/05/13 21:44:57.890, 0, NVIDIA A100-SXM4-80GB, 75797, 81920, 0, 0
2026/05/13 21:44:57.893, 1, NVIDIA A100-SXM4-80GB, 75797, 81920, 0, 0
2026/05/13 21:45:02.895, 0, NVIDIA A100-SXM4-80GB, 75797, 81920, 0, 0
2026/05/13 21:45:02.923, 1, NVIDIA A100-SXM4-80GB, 75797, 81920, 0, 0
2026/05/13 21:45:07.925, 0, NVIDIA A100-SXM4-80GB, 75797, 81920, 0, 0
2026/05/13 21:45:07.926, 1, NVIDIA A100-SXM4-80GB, 75797, 81920, 0, 0
2026/05/13 21:45:12.928, 0, NVIDIA A100-SXM4-80GB, 75797, 81920, 0, 0
2026/05/13 21:45:12.929, 1, NVIDIA A100-SXM4-80GB, 75797, 81920, 0, 0
2026/05/13 21:45:17.931, 0, NVIDIA A100-SXM4-80GB, 75797, 81920, 0, 0
2026/05/13 21:45:17.933, 1, NVIDIA A100-SXM4-80GB, 75797, 81920, 0, 0
2026/05/13 21:45:22.934, 0, NVIDIA A100-SXM4-80GB, 75797, 81920, 0, 0
2026/05/13 21:45:22.937, 1, NVIDIA A100-SXM4-80GB, 75797, 81920, 0, 0
2026/05/13 21:45:27.938, 0, NVIDIA A100-SXM4-80GB, 75797, 81920, 0, 0
2026/05/13 21:45:27.940, 1, NVIDIA A100-SXM4-80GB, 75797, 81920, 0, 0
2026/05/13 21:45:32.942, 0, NVIDIA A100-SXM4-80GB, 75797, 81920, 0, 0
2026/05/13 21:45:32.944, 1, NVIDIA A100-SXM4-80GB, 75797, 81920, 0, 0
2026/05/13 21:45:37.946, 0, NVIDIA A100-SXM4-80GB, 75797, 81920, 0, 0
2026/05/13 21:45:37.948, 1, NVIDIA A100-SXM4-80GB, 75797, 81920, 0, 0
2026/05/13 21:45:42.949, 0, NVIDIA A100-SXM4-80GB, 75797, 81920, 0, 0
2026/05/13 21:45:42.952, 1, NVIDIA A100-SXM4-80GB, 75797, 81920, 0, 0
2026/05/13 21:45:47.953, 0, NVIDIA A100-SXM4-80GB, 75797, 81920, 0, 0
2026/05/13 21:45:47.955, 1, NVIDIA A100-SXM4-80GB, 75797, 81920, 0, 0
2026/05/13 21:45:52.957, 0, NVIDIA A100-SXM4-80GB, 75797, 81920, 0, 0
2026/05/13 21:45:52.958, 1, NVIDIA A100-SXM4-80GB, 75797, 81920, 0, 0
2026/05/13 21:45:57.960, 0, NVIDIA A100-SXM4-80GB, 75797, 81920, 0, 0
2026/05/13 21:45:57.962, 1, NVIDIA A100-SXM4-80GB, 75797, 81920, 0, 0
2026/05/13 21:46:02.963, 0, NVIDIA A100-SXM4-80GB, 75797, 81920, 0, 0
2026/05/13 21:46:02.965, 1, NVIDIA A100-SXM4-80GB, 75797, 81920, 0, 0
2026/05/13 21:46:07.966, 0, NVIDIA A100-SXM4-80GB, 75797, 81920, 0, 0
2026/05/13 21:46:07.968, 1, NVIDIA A100-SXM4-80GB, 75797, 81920, 0, 0
2026/05/13 21:46:12.970, 0, NVIDIA A100-SXM4-80GB, 75797, 81920, 0, 0
2026/05/13 21:46:12.972, 1, NVIDIA A100-SXM4-80GB, 75797, 81920, 0, 0
2026/05/13 21:46:17.973, 0, NVIDIA A100-SXM4-80GB, 75797, 81920, 0, 0
2026/05/13 21:46:17.974, 1, NVIDIA A100-SXM4-80GB, 75797, 81920, 0, 0
2026/05/13 21:46:22.976, 0, NVIDIA A100-SXM4-80GB, 75797, 81920, 0, 0
2026/05/13 21:46:22.978, 1, NVIDIA A100-SXM4-80GB, 75797, 81920, 0, 0
2026/05/13 21:46:27.979, 0, NVIDIA A100-SXM4-80GB, 75797, 81920, 0, 0
2026/05/13 21:46:27.981, 1, NVIDIA A100-SXM4-80GB, 75797, 81920, 0, 0
2026/05/13 21:46:32.983, 0, NVIDIA A100-SXM4-80GB, 75797, 81920, 0, 0
2026/05/13 21:46:32.984, 1, NVIDIA A100-SXM4-80GB, 75797, 81920, 0, 0
2026/05/13 21:46:37.986, 0, NVIDIA A100-SXM4-80GB, 75797, 81920, 0, 0
2026/05/13 21:46:37.991, 1, NVIDIA A100-SXM4-80GB, 75797, 81920, 0, 0
2026/05/13 21:46:42.993, 0, NVIDIA A100-SXM4-80GB, 75797, 81920, 0, 0
2026/05/13 21:46:42.996, 1, NVIDIA A100-SXM4-80GB, 75797, 81920, 0, 0
2026/05/13 21:46:47.997, 0, NVIDIA A100-SXM4-80GB, 75797, 81920, 0, 0
2026/05/13 21:46:47.998, 1, NVIDIA A100-SXM4-80GB, 75797, 81920, 0, 0
2026/05/13 21:46:53.002, 0, NVIDIA A100-SXM4-80GB, 75797, 81920, 0, 0
2026/05/13 21:46:53.004, 1, NVIDIA A100-SXM4-80GB, 75797, 81920, 0, 0
2026/05/13 21:46:58.006, 0, NVIDIA A100-SXM4-80GB, 75797, 81920, 0, 0
2026/05/13 21:46:58.007, 1, NVIDIA A100-SXM4-80GB, 75797, 81920, 0, 0
2026/05/13 21:47:03.009, 0, NVIDIA A100-SXM4-80GB, 75797, 81920, 0, 0
2026/05/13 21:47:03.011, 1, NVIDIA A100-SXM4-80GB, 75797, 81920, 0, 0
2026/05/13 21:47:08.012, 0, NVIDIA A100-SXM4-80GB, 75797, 81920, 0, 0
2026/05/13 21:47:08.014, 1, NVIDIA A100-SXM4-80GB, 75797, 81920, 0, 0
2026/05/13 21:47:13.016, 0, NVIDIA A100-SXM4-80GB, 75797, 81920, 0, 0
2026/05/13 21:47:13.019, 1, NVIDIA A100-SXM4-80GB, 75797, 81920, 0, 0
2026/05/13 21:47:18.021, 0, NVIDIA A100-SXM4-80GB, 75797, 81920, 0, 0
2026/05/13 21:47:18.024, 1, NVIDIA A100-SXM4-80GB, 75797, 81920, 0, 0
2026/05/13 21:47:23.026, 0, NVIDIA A100-SXM4-80GB, 75797, 81920, 0, 0
2026/05/13 21:47:23.027, 1, NVIDIA A100-SXM4-80GB, 75797, 81920, 0, 0
2026/05/13 21:47:28.029, 0, NVIDIA A100-SXM4-80GB, 75797, 81920, 0, 0
2026/05/13 21:47:28.032, 1, NVIDIA A100-SXM4-80GB, 75797, 81920, 0, 0
2026/05/13 21:47:33.033, 0, NVIDIA A100-SXM4-80GB, 75797, 81920, 0, 0
2026/05/13 21:47:33.035, 1, NVIDIA A100-SXM4-80GB, 75797, 81920, 0, 0
2026/05/13 21:47:38.037, 0, NVIDIA A100-SXM4-80GB, 75797, 81920, 0, 0
2026/05/13 21:47:38.039, 1, NVIDIA A100-SXM4-80GB, 75797, 81920, 0, 0
2026/05/13 21:47:43.041, 0, NVIDIA A100-SXM4-80GB, 75797, 81920, 0, 0
2026/05/13 21:47:43.044, 1, NVIDIA A100-SXM4-80GB, 75797, 81920, 0, 0
2026/05/13 21:47:48.046, 0, NVIDIA A100-SXM4-80GB, 75797, 81920, 0, 0
2026/05/13 21:47:48.054, 1, NVIDIA A100-SXM4-80GB, 75797, 81920, 0, 0
2026/05/13 21:47:53.061, 0, NVIDIA A100-SXM4-80GB, 75797, 81920, 0, 0
2026/05/13 21:47:53.062, 1, NVIDIA A100-SXM4-80GB, 75797, 81920, 0, 0
2026/05/13 21:47:58.064, 0, NVIDIA A100-SXM4-80GB, 75797, 81920, 0, 0
2026/05/13 21:47:58.066, 1, NVIDIA A100-SXM4-80GB, 75797, 81920, 0, 0
2026/05/13 21:48:03.068, 0, NVIDIA A100-SXM4-80GB, 75797, 81920, 0, 0
2026/05/13 21:48:03.069, 1, NVIDIA A100-SXM4-80GB, 75797, 81920, 0, 0
2026/05/13 21:48:08.071, 0, NVIDIA A100-SXM4-80GB, 75797, 81920, 0, 0
2026/05/13 21:48:08.072, 1, NVIDIA A100-SXM4-80GB, 75797, 81920, 0, 0
2026/05/13 21:48:13.074, 0, NVIDIA A100-SXM4-80GB, 75797, 81920, 0, 0
2026/05/13 21:48:13.076, 1, NVIDIA A100-SXM4-80GB, 75797, 81920, 0, 0
2026/05/13 21:48:18.078, 0, NVIDIA A100-SXM4-80GB, 75797, 81920, 0, 0
2026/05/13 21:48:18.079, 1, NVIDIA A100-SXM4-80GB, 75797, 81920, 0, 0
2026/05/13 21:48:23.081, 0, NVIDIA A100-SXM4-80GB, 75797, 81920, 0, 0
2026/05/13 21:48:23.083, 1, NVIDIA A100-SXM4-80GB, 75797, 81920, 0, 0
2026/05/13 21:48:28.084, 0, NVIDIA A100-SXM4-80GB, 75797, 81920, 0, 0
2026/05/13 21:48:28.086, 1, NVIDIA A100-SXM4-80GB, 75797, 81920, 0, 0
2026/05/13 21:48:33.088, 0, NVIDIA A100-SXM4-80GB, 75797, 81920, 0, 0
2026/05/13 21:48:33.089, 1, NVIDIA A100-SXM4-80GB, 75797, 81920, 0, 0
2026/05/13 21:48:38.091, 0, NVIDIA A100-SXM4-80GB, 75797, 81920, 0, 0
2026/05/13 21:48:38.093, 1, NVIDIA A100-SXM4-80GB, 75797, 81920, 0, 0
2026/05/13 21:48:43.094, 0, NVIDIA A100-SXM4-80GB, 75797, 81920, 0, 0
2026/05/13 21:48:43.096, 1, NVIDIA A100-SXM4-80GB, 75797, 81920, 0, 0
2026/05/13 21:48:48.098, 0, NVIDIA A100-SXM4-80GB, 75797, 81920, 0, 0
2026/05/13 21:48:48.099, 1, NVIDIA A100-SXM4-80GB, 75797, 81920, 0, 0
2026/05/13 21:48:53.103, 0, NVIDIA A100-SXM4-80GB, 75797, 81920, 0, 0
2026/05/13 21:48:53.104, 1, NVIDIA A100-SXM4-80GB, 75797, 81920, 0, 0
2026/05/13 21:48:58.106, 0, NVIDIA A100-SXM4-80GB, 75797, 81920, 0, 0
2026/05/13 21:48:58.108, 1, NVIDIA A100-SXM4-80GB, 75797, 81920, 0, 0
2026/05/13 21:49:03.109, 0, NVIDIA A100-SXM4-80GB, 75797, 81920, 0, 0
2026/05/13 21:49:03.111, 1, NVIDIA A100-SXM4-80GB, 75797, 81920, 0, 0
2026/05/13 21:49:08.113, 0, NVIDIA A100-SXM4-80GB, 75797, 81920, 0, 0
2026/05/13 21:49:08.114, 1, NVIDIA A100-SXM4-80GB, 75797, 81920, 0, 0
2026/05/13 21:49:13.116, 0, NVIDIA A100-SXM4-80GB, 75797, 81920, 0, 0
2026/05/13 21:49:13.118, 1, NVIDIA A100-SXM4-80GB, 75797, 81920, 0, 0
2026/05/13 21:49:18.119, 0, NVIDIA A100-SXM4-80GB, 75797, 81920, 0, 0
2026/05/13 21:49:18.121, 1, NVIDIA A100-SXM4-80GB, 75797, 81920, 0, 0
2026/05/13 21:49:23.122, 0, NVIDIA A100-SXM4-80GB, 75797, 81920, 0, 0
2026/05/13 21:49:23.124, 1, NVIDIA A100-SXM4-80GB, 75797, 81920, 0, 0
2026/05/13 21:49:28.126, 0, NVIDIA A100-SXM4-80GB, 75797, 81920, 0, 0
2026/05/13 21:49:28.128, 1, NVIDIA A100-SXM4-80GB, 75797, 81920, 0, 0
2026/05/13 21:49:33.129, 0, NVIDIA A100-SXM4-80GB, 75797, 81920, 0, 0
2026/05/13 21:49:33.131, 1, NVIDIA A100-SXM4-80GB, 75797, 81920, 0, 0
2026/05/13 21:49:38.132, 0, NVIDIA A100-SXM4-80GB, 75797, 81920, 0, 0
2026/05/13 21:49:38.134, 1, NVIDIA A100-SXM4-80GB, 75797, 81920, 0, 0
2026/05/13 21:49:43.136, 0, NVIDIA A100-SXM4-80GB, 75797, 81920, 0, 0
2026/05/13 21:49:43.138, 1, NVIDIA A100-SXM4-80GB, 75797, 81920, 0, 0
2026/05/13 21:49:48.139, 0, NVIDIA A100-SXM4-80GB, 75797, 81920, 0, 0
2026/05/13 21:49:48.141, 1, NVIDIA A100-SXM4-80GB, 75797, 81920, 0, 0
2026/05/13 21:49:53.143, 0, NVIDIA A100-SXM4-80GB, 75797, 81920, 0, 0
2026/05/13 21:49:53.144, 1, NVIDIA A100-SXM4-80GB, 75797, 81920, 0, 0
2026/05/13 21:49:58.145, 0, NVIDIA A100-SXM4-80GB, 75797, 81920, 0, 0
2026/05/13 21:49:58.147, 1, NVIDIA A100-SXM4-80GB, 75797, 81920, 0, 0
2026/05/13 21:50:03.148, 0, NVIDIA A100-SXM4-80GB, 75797, 81920, 0, 0
2026/05/13 21:50:03.149, 1, NVIDIA A100-SXM4-80GB, 75797, 81920, 0, 0
2026/05/13 21:50:08.151, 0, NVIDIA A100-SXM4-80GB, 75797, 81920, 0, 0
2026/05/13 21:50:08.152, 1, NVIDIA A100-SXM4-80GB, 75797, 81920, 0, 0
2026/05/13 21:50:13.154, 0, NVIDIA A100-SXM4-80GB, 75797, 81920, 0, 0
2026/05/13 21:50:13.156, 1, NVIDIA A100-SXM4-80GB, 75797, 81920, 0, 0
2026/05/13 21:50:18.157, 0, NVIDIA A100-SXM4-80GB, 75797, 81920, 0, 0
2026/05/13 21:50:18.158, 1, NVIDIA A100-SXM4-80GB, 75797, 81920, 0, 0
2026/05/13 21:50:23.160, 0, NVIDIA A100-SXM4-80GB, 75797, 81920, 0, 0
2026/05/13 21:50:23.162, 1, NVIDIA A100-SXM4-80GB, 75797, 81920, 0, 0
2026/05/13 21:50:28.163, 0, NVIDIA A100-SXM4-80GB, 75797, 81920, 0, 0
2026/05/13 21:50:28.164, 1, NVIDIA A100-SXM4-80GB, 75797, 81920, 0, 0
2026/05/13 21:50:33.166, 0, NVIDIA A100-SXM4-80GB, 75797, 81920, 0, 0
2026/05/13 21:50:33.167, 1, NVIDIA A100-SXM4-80GB, 75797, 81920, 0, 0
2026/05/13 21:50:38.168, 0, NVIDIA A100-SXM4-80GB, 75797, 81920, 0, 0
2026/05/13 21:50:38.170, 1, NVIDIA A100-SXM4-80GB, 75797, 81920, 0, 0
2026/05/13 21:50:43.172, 0, NVIDIA A100-SXM4-80GB, 75797, 81920, 0, 0
2026/05/13 21:50:43.173, 1, NVIDIA A100-SXM4-80GB, 75797, 81920, 0, 0
2026/05/13 21:50:48.174, 0, NVIDIA A100-SXM4-80GB, 75797, 81920, 0, 0
2026/05/13 21:50:48.176, 1, NVIDIA A100-SXM4-80GB, 75797, 81920, 0, 0
2026/05/13 21:50:53.178, 0, NVIDIA A100-SXM4-80GB, 75797, 81920, 0, 0
2026/05/13 21:50:53.180, 1, NVIDIA A100-SXM4-80GB, 75797, 81920, 0, 0
2026/05/13 21:50:58.182, 0, NVIDIA A100-SXM4-80GB, 75797, 81920, 0, 0
2026/05/13 21:50:58.183, 1, NVIDIA A100-SXM4-80GB, 75797, 81920, 0, 0
2026/05/13 21:51:03.185, 0, NVIDIA A100-SXM4-80GB, 75797, 81920, 0, 0
2026/05/13 21:51:03.186, 1, NVIDIA A100-SXM4-80GB, 75797, 81920, 0, 0
2026/05/13 21:51:08.187, 0, NVIDIA A100-SXM4-80GB, 75797, 81920, 0, 0
2026/05/13 21:51:08.189, 1, NVIDIA A100-SXM4-80GB, 75797, 81920, 0, 0
2026/05/13 21:51:13.191, 0, NVIDIA A100-SXM4-80GB, 75797, 81920, 0, 0
2026/05/13 21:51:13.192, 1, NVIDIA A100-SXM4-80GB, 75797, 81920, 0, 0
2026/05/13 21:51:18.194, 0, NVIDIA A100-SXM4-80GB, 75797, 81920, 0, 0
2026/05/13 21:51:18.196, 1, NVIDIA A100-SXM4-80GB, 75797, 81920, 0, 0
2026/05/13 21:51:23.197, 0, NVIDIA A100-SXM4-80GB, 75797, 81920, 97, 82
2026/05/13 21:51:23.198, 1, NVIDIA A100-SXM4-80GB, 75797, 81920, 97, 82
2026/05/13 21:51:28.202, 0, NVIDIA A100-SXM4-80GB, 75797, 81920, 0, 0
2026/05/13 21:51:28.206, 1, NVIDIA A100-SXM4-80GB, 75797, 81920, 0, 0
2026/05/13 21:51:33.208, 0, NVIDIA A100-SXM4-80GB, 75797, 81920, 0, 0
2026/05/13 21:51:33.209, 1, NVIDIA A100-SXM4-80GB, 75797, 81920, 0, 0
2026/05/13 21:51:38.211, 0, NVIDIA A100-SXM4-80GB, 75797, 81920, 0, 0
2026/05/13 21:51:38.212, 1, NVIDIA A100-SXM4-80GB, 75797, 81920, 0, 0
2026/05/13 21:51:43.214, 0, NVIDIA A100-SXM4-80GB, 75797, 81920, 0, 0
2026/05/13 21:51:43.216, 1, NVIDIA A100-SXM4-80GB, 75797, 81920, 0, 0
2026/05/13 21:51:48.218, 0, NVIDIA A100-SXM4-80GB, 75797, 81920, 0, 0
2026/05/13 21:51:48.221, 1, NVIDIA A100-SXM4-80GB, 75797, 81920, 0, 0
2026/05/13 21:51:53.222, 0, NVIDIA A100-SXM4-80GB, 75797, 81920, 0, 0
2026/05/13 21:51:53.224, 1, NVIDIA A100-SXM4-80GB, 75797, 81920, 0, 0
2026/05/13 21:51:58.226, 0, NVIDIA A100-SXM4-80GB, 75797, 81920, 0, 0
2026/05/13 21:51:58.227, 1, NVIDIA A100-SXM4-80GB, 75797, 81920, 0, 0
2026/05/13 21:52:03.229, 0, NVIDIA A100-SXM4-80GB, 75797, 81920, 0, 0
2026/05/13 21:52:03.231, 1, NVIDIA A100-SXM4-80GB, 75797, 81920, 0, 0
2026/05/13 21:52:08.232, 0, NVIDIA A100-SXM4-80GB, 75797, 81920, 0, 0
2026/05/13 21:52:08.234, 1, NVIDIA A100-SXM4-80GB, 75797, 81920, 0, 0
2026/05/13 21:52:13.236, 0, NVIDIA A100-SXM4-80GB, 75797, 81920, 0, 0
2026/05/13 21:52:13.238, 1, NVIDIA A100-SXM4-80GB, 75797, 81920, 0, 0
2026/05/13 21:52:18.239, 0, NVIDIA A100-SXM4-80GB, 75797, 81920, 0, 0
2026/05/13 21:52:18.241, 1, NVIDIA A100-SXM4-80GB, 75797, 81920, 0, 0
2026/05/13 21:52:23.243, 0, NVIDIA A100-SXM4-80GB, 75797, 81920, 0, 0
2026/05/13 21:52:23.244, 1, NVIDIA A100-SXM4-80GB, 75797, 81920, 0, 0
2026/05/13 21:52:28.246, 0, NVIDIA A100-SXM4-80GB, 75797, 81920, 0, 0
2026/05/13 21:52:28.247, 1, NVIDIA A100-SXM4-80GB, 75797, 81920, 0, 0
2026/05/13 21:52:33.249, 0, NVIDIA A100-SXM4-80GB, 75797, 81920, 0, 0
2026/05/13 21:52:33.251, 1, NVIDIA A100-SXM4-80GB, 75797, 81920, 0, 0
2026/05/13 21:52:38.252, 0, NVIDIA A100-SXM4-80GB, 75797, 81920, 0, 0
2026/05/13 21:52:38.254, 1, NVIDIA A100-SXM4-80GB, 75797, 81920, 0, 0
2026/05/13 21:52:43.256, 0, NVIDIA A100-SXM4-80GB, 75797, 81920, 0, 0
2026/05/13 21:52:43.258, 1, NVIDIA A100-SXM4-80GB, 75797, 81920, 0, 0
2026/05/13 21:52:48.259, 0, NVIDIA A100-SXM4-80GB, 75797, 81920, 0, 0
2026/05/13 21:52:48.262, 1, NVIDIA A100-SXM4-80GB, 75797, 81920, 0, 0
2026/05/13 21:52:53.264, 0, NVIDIA A100-SXM4-80GB, 75797, 81920, 0, 0
2026/05/13 21:52:53.266, 1, NVIDIA A100-SXM4-80GB, 75797, 81920, 0, 0
2026/05/13 21:52:58.267, 0, NVIDIA A100-SXM4-80GB, 75797, 81920, 0, 0
2026/05/13 21:52:58.269, 1, NVIDIA A100-SXM4-80GB, 75797, 81920, 0, 0
2026/05/13 21:53:03.271, 0, NVIDIA A100-SXM4-80GB, 75797, 81920, 0, 0
2026/05/13 21:53:03.273, 1, NVIDIA A100-SXM4-80GB, 75797, 81920, 0, 0
2026/05/13 21:53:08.274, 0, NVIDIA A100-SXM4-80GB, 75797, 81920, 0, 0
2026/05/13 21:53:08.276, 1, NVIDIA A100-SXM4-80GB, 75797, 81920, 0, 0
2026/05/13 21:53:13.277, 0, NVIDIA A100-SXM4-80GB, 75797, 81920, 0, 0
2026/05/13 21:53:13.279, 1, NVIDIA A100-SXM4-80GB, 75797, 81920, 0, 0
2026/05/13 21:53:18.281, 0, NVIDIA A100-SXM4-80GB, 75797, 81920, 0, 0
2026/05/13 21:53:18.282, 1, NVIDIA A100-SXM4-80GB, 75797, 81920, 0, 0
2026/05/13 21:53:23.284, 0, NVIDIA A100-SXM4-80GB, 75797, 81920, 0, 0
2026/05/13 21:53:23.286, 1, NVIDIA A100-SXM4-80GB, 75797, 81920, 0, 0
2026/05/13 21:53:28.287, 0, NVIDIA A100-SXM4-80GB, 75797, 81920, 0, 0
2026/05/13 21:53:28.466, 1, NVIDIA A100-SXM4-80GB, 75797, 81920, 0, 0
2026/05/13 21:53:33.469, 0, NVIDIA A100-SXM4-80GB, 75797, 81920, 0, 0
2026/05/13 21:53:33.471, 1, NVIDIA A100-SXM4-80GB, 75797, 81920, 0, 0
2026/05/13 21:53:38.472, 0, NVIDIA A100-SXM4-80GB, 75797, 81920, 0, 0
2026/05/13 21:53:38.474, 1, NVIDIA A100-SXM4-80GB, 75797, 81920, 0, 0
2026/05/13 21:53:43.476, 0, NVIDIA A100-SXM4-80GB, 75797, 81920, 0, 0
2026/05/13 21:53:43.477, 1, NVIDIA A100-SXM4-80GB, 75797, 81920, 0, 0
2026/05/13 21:53:48.478, 0, NVIDIA A100-SXM4-80GB, 75797, 81920, 0, 0
2026/05/13 21:53:48.480, 1, NVIDIA A100-SXM4-80GB, 75797, 81920, 0, 0
2026/05/13 21:53:53.481, 0, NVIDIA A100-SXM4-80GB, 75797, 81920, 0, 0
2026/05/13 21:53:53.483, 1, NVIDIA A100-SXM4-80GB, 75797, 81920, 0, 0
2026/05/13 21:53:58.484, 0, NVIDIA A100-SXM4-80GB, 75797, 81920, 0, 0
2026/05/13 21:53:58.486, 1, NVIDIA A100-SXM4-80GB, 75797, 81920, 0, 0
2026/05/13 21:54:03.488, 0, NVIDIA A100-SXM4-80GB, 75797, 81920, 0, 0
2026/05/13 21:54:03.490, 1, NVIDIA A100-SXM4-80GB, 75797, 81920, 0, 0
2026/05/13 21:54:08.492, 0, NVIDIA A100-SXM4-80GB, 75797, 81920, 0, 0
2026/05/13 21:54:08.493, 1, NVIDIA A100-SXM4-80GB, 75797, 81920, 0, 0
2026/05/13 21:54:13.494, 0, NVIDIA A100-SXM4-80GB, 75797, 81920, 0, 0
2026/05/13 21:54:13.496, 1, NVIDIA A100-SXM4-80GB, 75797, 81920, 0, 0
2026/05/13 21:54:18.497, 0, NVIDIA A100-SXM4-80GB, 75797, 81920, 0, 0
2026/05/13 21:54:18.499, 1, NVIDIA A100-SXM4-80GB, 75797, 81920, 0, 0
2026/05/13 21:54:23.503, 0, NVIDIA A100-SXM4-80GB, 75797, 81920, 0, 0
2026/05/13 21:54:23.504, 1, NVIDIA A100-SXM4-80GB, 75797, 81920, 0, 0
2026/05/13 21:54:28.506, 0, NVIDIA A100-SXM4-80GB, 75797, 81920, 0, 0
2026/05/13 21:54:28.508, 1, NVIDIA A100-SXM4-80GB, 75797, 81920, 0, 0
2026/05/13 21:54:33.510, 0, NVIDIA A100-SXM4-80GB, 75797, 81920, 0, 0
2026/05/13 21:54:33.511, 1, NVIDIA A100-SXM4-80GB, 75797, 81920, 0, 0
2026/05/13 21:54:38.513, 0, NVIDIA A100-SXM4-80GB, 75797, 81920, 0, 0
2026/05/13 21:54:38.514, 1, NVIDIA A100-SXM4-80GB, 75797, 81920, 0, 0
2026/05/13 21:54:43.516, 0, NVIDIA A100-SXM4-80GB, 75797, 81920, 0, 0
2026/05/13 21:54:43.517, 1, NVIDIA A100-SXM4-80GB, 75797, 81920, 0, 0
2026/05/13 21:54:48.518, 0, NVIDIA A100-SXM4-80GB, 75797, 81920, 0, 0
2026/05/13 21:54:48.521, 1, NVIDIA A100-SXM4-80GB, 75797, 81920, 0, 0
2026/05/13 21:54:53.522, 0, NVIDIA A100-SXM4-80GB, 75797, 81920, 0, 0
2026/05/13 21:54:53.524, 1, NVIDIA A100-SXM4-80GB, 75797, 81920, 0, 0
2026/05/13 21:54:58.526, 0, NVIDIA A100-SXM4-80GB, 75797, 81920, 0, 0
2026/05/13 21:54:58.529, 1, NVIDIA A100-SXM4-80GB, 75797, 81920, 0, 0
2026/05/13 21:55:03.531, 0, NVIDIA A100-SXM4-80GB, 75797, 81920, 0, 0
2026/05/13 21:55:03.532, 1, NVIDIA A100-SXM4-80GB, 75797, 81920, 0, 0
2026/05/13 21:55:08.534, 0, NVIDIA A100-SXM4-80GB, 75797, 81920, 0, 0
2026/05/13 21:55:08.536, 1, NVIDIA A100-SXM4-80GB, 75797, 81920, 0, 0
2026/05/13 21:55:13.538, 0, NVIDIA A100-SXM4-80GB, 75797, 81920, 0, 0
2026/05/13 21:55:13.539, 1, NVIDIA A100-SXM4-80GB, 75797, 81920, 0, 0
2026/05/13 21:55:18.541, 0, NVIDIA A100-SXM4-80GB, 75797, 81920, 0, 0
2026/05/13 21:55:18.542, 1, NVIDIA A100-SXM4-80GB, 75797, 81920, 0, 0
2026/05/13 21:55:23.544, 0, NVIDIA A100-SXM4-80GB, 75797, 81920, 0, 0
2026/05/13 21:55:23.546, 1, NVIDIA A100-SXM4-80GB, 75797, 81920, 0, 0
2026/05/13 21:55:28.548, 0, NVIDIA A100-SXM4-80GB, 75797, 81920, 0, 0
2026/05/13 21:55:28.549, 1, NVIDIA A100-SXM4-80GB, 75797, 81920, 0, 0
2026/05/13 21:55:33.551, 0, NVIDIA A100-SXM4-80GB, 75797, 81920, 0, 0
2026/05/13 21:55:33.553, 1, NVIDIA A100-SXM4-80GB, 75797, 81920, 0, 0
2026/05/13 21:55:38.554, 0, NVIDIA A100-SXM4-80GB, 75797, 81920, 0, 0
2026/05/13 21:55:38.556, 1, NVIDIA A100-SXM4-80GB, 75797, 81920, 0, 0
2026/05/13 21:55:43.558, 0, NVIDIA A100-SXM4-80GB, 75797, 81920, 0, 0
2026/05/13 21:55:43.559, 1, NVIDIA A100-SXM4-80GB, 75797, 81920, 0, 0
2026/05/13 21:55:48.561, 0, NVIDIA A100-SXM4-80GB, 75797, 81920, 0, 0
2026/05/13 21:55:48.563, 1, NVIDIA A100-SXM4-80GB, 75797, 81920, 0, 0
2026/05/13 21:55:53.564, 0, NVIDIA A100-SXM4-80GB, 75797, 81920, 0, 0
2026/05/13 21:55:53.566, 1, NVIDIA A100-SXM4-80GB, 75797, 81920, 0, 0
2026/05/13 21:55:58.567, 0, NVIDIA A100-SXM4-80GB, 75797, 81920, 0, 0
2026/05/13 21:55:58.571, 1, NVIDIA A100-SXM4-80GB, 75797, 81920, 0, 0
2026/05/13 21:56:03.572, 0, NVIDIA A100-SXM4-80GB, 75797, 81920, 0, 0
2026/05/13 21:56:03.576, 1, NVIDIA A100-SXM4-80GB, 75797, 81920, 0, 0
2026/05/13 21:56:08.577, 0, NVIDIA A100-SXM4-80GB, 75797, 81920, 0, 0
2026/05/13 21:56:08.579, 1, NVIDIA A100-SXM4-80GB, 75797, 81920, 0, 0
2026/05/13 21:56:13.580, 0, NVIDIA A100-SXM4-80GB, 75797, 81920, 97, 81
2026/05/13 21:56:13.582, 1, NVIDIA A100-SXM4-80GB, 75797, 81920, 97, 81
2026/05/13 21:56:18.583, 0, NVIDIA A100-SXM4-80GB, 75797, 81920, 0, 0
2026/05/13 21:56:18.584, 1, NVIDIA A100-SXM4-80GB, 75797, 81920, 0, 0
2026/05/13 21:56:23.586, 0, NVIDIA A100-SXM4-80GB, 75797, 81920, 0, 0
2026/05/13 21:56:23.588, 1, NVIDIA A100-SXM4-80GB, 75797, 81920, 0, 0
2026/05/13 21:56:28.589, 0, NVIDIA A100-SXM4-80GB, 75797, 81920, 0, 0
2026/05/13 21:56:28.591, 1, NVIDIA A100-SXM4-80GB, 75797, 81920, 0, 0
2026/05/13 21:56:33.592, 0, NVIDIA A100-SXM4-80GB, 75797, 81920, 0, 0
2026/05/13 21:56:33.594, 1, NVIDIA A100-SXM4-80GB, 75797, 81920, 0, 0
2026/05/13 21:56:38.596, 0, NVIDIA A100-SXM4-80GB, 75797, 81920, 0, 0
2026/05/13 21:56:38.597, 1, NVIDIA A100-SXM4-80GB, 75797, 81920, 0, 0
2026/05/13 21:56:43.599, 0, NVIDIA A100-SXM4-80GB, 75797, 81920, 0, 0
2026/05/13 21:56:43.602, 1, NVIDIA A100-SXM4-80GB, 75797, 81920, 0, 0
2026/05/13 21:56:48.604, 0, NVIDIA A100-SXM4-80GB, 75797, 81920, 0, 0
2026/05/13 21:56:48.606, 1, NVIDIA A100-SXM4-80GB, 75797, 81920, 0, 0
2026/05/13 21:56:53.607, 0, NVIDIA A100-SXM4-80GB, 75797, 81920, 0, 0
2026/05/13 21:56:53.608, 1, NVIDIA A100-SXM4-80GB, 75797, 81920, 0, 0
2026/05/13 21:56:58.610, 0, NVIDIA A100-SXM4-80GB, 75797, 81920, 0, 0
2026/05/13 21:56:58.612, 1, NVIDIA A100-SXM4-80GB, 75797, 81920, 0, 0
2026/05/13 21:57:03.613, 0, NVIDIA A100-SXM4-80GB, 75797, 81920, 0, 0
2026/05/13 21:57:03.616, 1, NVIDIA A100-SXM4-80GB, 75797, 81920, 0, 0
2026/05/13 21:57:08.617, 0, NVIDIA A100-SXM4-80GB, 75797, 81920, 0, 0
2026/05/13 21:57:08.618, 1, NVIDIA A100-SXM4-80GB, 75797, 81920, 0, 0
2026/05/13 21:57:13.621, 0, NVIDIA A100-SXM4-80GB, 75797, 81920, 0, 0
2026/05/13 21:57:13.622, 1, NVIDIA A100-SXM4-80GB, 75797, 81920, 0, 0
2026/05/13 21:57:18.623, 0, NVIDIA A100-SXM4-80GB, 75797, 81920, 0, 0
2026/05/13 21:57:18.626, 1, NVIDIA A100-SXM4-80GB, 75797, 81920, 0, 0
2026/05/13 21:57:23.627, 0, NVIDIA A100-SXM4-80GB, 75797, 81920, 0, 0
2026/05/13 21:57:23.628, 1, NVIDIA A100-SXM4-80GB, 75797, 81920, 0, 0
2026/05/13 21:57:28.630, 0, NVIDIA A100-SXM4-80GB, 75797, 81920, 0, 0
2026/05/13 21:57:28.632, 1, NVIDIA A100-SXM4-80GB, 75797, 81920, 0, 0
2026/05/13 21:57:33.633, 0, NVIDIA A100-SXM4-80GB, 75797, 81920, 0, 0
2026/05/13 21:57:33.634, 1, NVIDIA A100-SXM4-80GB, 75797, 81920, 0, 0
2026/05/13 21:57:38.636, 0, NVIDIA A100-SXM4-80GB, 75797, 81920, 0, 0
2026/05/13 21:57:38.638, 1, NVIDIA A100-SXM4-80GB, 75797, 81920, 0, 0
2026/05/13 21:57:43.640, 0, NVIDIA A100-SXM4-80GB, 75797, 81920, 0, 0
2026/05/13 21:57:43.641, 1, NVIDIA A100-SXM4-80GB, 75797, 81920, 0, 0
2026/05/13 21:57:48.643, 0, NVIDIA A100-SXM4-80GB, 75797, 81920, 0, 0
2026/05/13 21:57:48.644, 1, NVIDIA A100-SXM4-80GB, 75797, 81920, 0, 0
2026/05/13 21:57:53.646, 0, NVIDIA A100-SXM4-80GB, 75797, 81920, 0, 0
2026/05/13 21:57:53.648, 1, NVIDIA A100-SXM4-80GB, 75797, 81920, 0, 0
2026/05/13 21:57:58.650, 0, NVIDIA A100-SXM4-80GB, 75797, 81920, 0, 0
2026/05/13 21:57:58.652, 1, NVIDIA A100-SXM4-80GB, 75797, 81920, 0, 0
2026/05/13 21:58:03.653, 0, NVIDIA A100-SXM4-80GB, 75797, 81920, 0, 0
2026/05/13 21:58:03.656, 1, NVIDIA A100-SXM4-80GB, 75797, 81920, 0, 0
2026/05/13 21:58:08.657, 0, NVIDIA A100-SXM4-80GB, 75797, 81920, 0, 0
2026/05/13 21:58:08.659, 1, NVIDIA A100-SXM4-80GB, 75797, 81920, 0, 0
2026/05/13 21:58:13.661, 0, NVIDIA A100-SXM4-80GB, 75797, 81920, 0, 0
2026/05/13 21:58:13.663, 1, NVIDIA A100-SXM4-80GB, 75797, 81920, 0, 0
2026/05/13 21:58:18.664, 0, NVIDIA A100-SXM4-80GB, 75797, 81920, 0, 0
2026/05/13 21:58:18.666, 1, NVIDIA A100-SXM4-80GB, 75797, 81920, 0, 0
2026/05/13 21:58:23.668, 0, NVIDIA A100-SXM4-80GB, 75797, 81920, 0, 0
2026/05/13 21:58:23.669, 1, NVIDIA A100-SXM4-80GB, 75797, 81920, 0, 0
2026/05/13 21:58:28.671, 0, NVIDIA A100-SXM4-80GB, 75797, 81920, 0, 0
2026/05/13 21:58:28.672, 1, NVIDIA A100-SXM4-80GB, 75797, 81920, 0, 0
2026/05/13 21:58:33.674, 0, NVIDIA A100-SXM4-80GB, 75797, 81920, 0, 0
2026/05/13 21:58:33.676, 1, NVIDIA A100-SXM4-80GB, 75797, 81920, 0, 0
2026/05/13 21:58:38.677, 0, NVIDIA A100-SXM4-80GB, 75797, 81920, 0, 0
2026/05/13 21:58:38.679, 1, NVIDIA A100-SXM4-80GB, 75797, 81920, 0, 0
2026/05/13 21:58:43.681, 0, NVIDIA A100-SXM4-80GB, 75797, 81920, 0, 0
2026/05/13 21:58:43.682, 1, NVIDIA A100-SXM4-80GB, 75797, 81920, 0, 0
2026/05/13 21:58:48.684, 0, NVIDIA A100-SXM4-80GB, 75797, 81920, 0, 0
2026/05/13 21:58:48.686, 1, NVIDIA A100-SXM4-80GB, 75797, 81920, 0, 0
2026/05/13 21:58:53.687, 0, NVIDIA A100-SXM4-80GB, 75797, 81920, 0, 0
2026/05/13 21:58:53.689, 1, NVIDIA A100-SXM4-80GB, 75797, 81920, 0, 0
2026/05/13 21:58:58.691, 0, NVIDIA A100-SXM4-80GB, 75797, 81920, 0, 0
2026/05/13 21:58:58.692, 1, NVIDIA A100-SXM4-80GB, 75797, 81920, 0, 0
2026/05/13 21:59:03.694, 0, NVIDIA A100-SXM4-80GB, 75797, 81920, 0, 0
2026/05/13 21:59:03.696, 1, NVIDIA A100-SXM4-80GB, 75797, 81920, 0, 0
2026/05/13 21:59:08.698, 0, NVIDIA A100-SXM4-80GB, 75797, 81920, 0, 0
2026/05/13 21:59:08.702, 1, NVIDIA A100-SXM4-80GB, 75797, 81920, 0, 0
2026/05/13 21:59:13.703, 0, NVIDIA A100-SXM4-80GB, 75797, 81920, 0, 0
2026/05/13 21:59:13.704, 1, NVIDIA A100-SXM4-80GB, 75797, 81920, 0, 0
2026/05/13 21:59:18.706, 0, NVIDIA A100-SXM4-80GB, 75797, 81920, 0, 0
2026/05/13 21:59:18.708, 1, NVIDIA A100-SXM4-80GB, 75797, 81920, 0, 0
2026/05/13 21:59:23.709, 0, NVIDIA A100-SXM4-80GB, 75797, 81920, 0, 0
2026/05/13 21:59:23.711, 1, NVIDIA A100-SXM4-80GB, 75797, 81920, 0, 0
2026/05/13 21:59:28.712, 0, NVIDIA A100-SXM4-80GB, 75797, 81920, 0, 0
2026/05/13 21:59:28.715, 1, NVIDIA A100-SXM4-80GB, 75797, 81920, 0, 0
2026/05/13 21:59:33.717, 0, NVIDIA A100-SXM4-80GB, 75797, 81920, 0, 0
2026/05/13 21:59:33.718, 1, NVIDIA A100-SXM4-80GB, 75797, 81920, 0, 0
2026/05/13 21:59:38.719, 0, NVIDIA A100-SXM4-80GB, 75797, 81920, 0, 0
2026/05/13 21:59:38.721, 1, NVIDIA A100-SXM4-80GB, 75797, 81920, 0, 0
2026/05/13 21:59:43.723, 0, NVIDIA A100-SXM4-80GB, 75797, 81920, 0, 0
2026/05/13 21:59:43.727, 1, NVIDIA A100-SXM4-80GB, 75797, 81920, 0, 0
2026/05/13 21:59:48.728, 0, NVIDIA A100-SXM4-80GB, 75797, 81920, 0, 0
2026/05/13 21:59:48.730, 1, NVIDIA A100-SXM4-80GB, 75797, 81920, 0, 0
2026/05/13 21:59:53.732, 0, NVIDIA A100-SXM4-80GB, 75797, 81920, 0, 0
2026/05/13 21:59:53.733, 1, NVIDIA A100-SXM4-80GB, 75797, 81920, 0, 0
2026/05/13 21:59:58.735, 0, NVIDIA A100-SXM4-80GB, 75797, 81920, 0, 0
2026/05/13 21:59:58.737, 1, NVIDIA A100-SXM4-80GB, 75797, 81920, 0, 0
2026/05/13 22:00:03.738, 0, NVIDIA A100-SXM4-80GB, 75797, 81920, 0, 0
2026/05/13 22:00:03.742, 1, NVIDIA A100-SXM4-80GB, 75797, 81920, 0, 0
2026/05/13 22:00:08.747, 0, NVIDIA A100-SXM4-80GB, 75797, 81920, 0, 0
2026/05/13 22:00:08.748, 1, NVIDIA A100-SXM4-80GB, 75797, 81920, 0, 0
2026/05/13 22:00:13.750, 0, NVIDIA A100-SXM4-80GB, 75797, 81920, 0, 0
2026/05/13 22:00:13.752, 1, NVIDIA A100-SXM4-80GB, 75797, 81920, 0, 0
2026/05/13 22:00:18.753, 0, NVIDIA A100-SXM4-80GB, 75797, 81920, 0, 0
2026/05/13 22:00:18.754, 1, NVIDIA A100-SXM4-80GB, 75797, 81920, 0, 0
2026/05/13 22:00:23.755, 0, NVIDIA A100-SXM4-80GB, 75797, 81920, 0, 0
2026/05/13 22:00:23.757, 1, NVIDIA A100-SXM4-80GB, 75797, 81920, 0, 0
2026/05/13 22:00:28.759, 0, NVIDIA A100-SXM4-80GB, 75797, 81920, 0, 0
2026/05/13 22:00:28.761, 1, NVIDIA A100-SXM4-80GB, 75797, 81920, 0, 0
2026/05/13 22:00:33.762, 0, NVIDIA A100-SXM4-80GB, 75797, 81920, 0, 0
2026/05/13 22:00:33.764, 1, NVIDIA A100-SXM4-80GB, 75797, 81920, 0, 0
2026/05/13 22:00:38.766, 0, NVIDIA A100-SXM4-80GB, 75797, 81920, 0, 0
2026/05/13 22:00:38.768, 1, NVIDIA A100-SXM4-80GB, 75797, 81920, 0, 0
2026/05/13 22:00:43.769, 0, NVIDIA A100-SXM4-80GB, 75797, 81920, 0, 0
2026/05/13 22:00:43.771, 1, NVIDIA A100-SXM4-80GB, 75797, 81920, 0, 0
2026/05/13 22:00:48.773, 0, NVIDIA A100-SXM4-80GB, 75797, 81920, 0, 0
2026/05/13 22:00:48.774, 1, NVIDIA A100-SXM4-80GB, 75797, 81920, 0, 0
2026/05/13 22:00:53.776, 0, NVIDIA A100-SXM4-80GB, 75797, 81920, 0, 0
2026/05/13 22:00:53.777, 1, NVIDIA A100-SXM4-80GB, 75797, 81920, 0, 0
2026/05/13 22:00:58.779, 0, NVIDIA A100-SXM4-80GB, 75797, 81920, 0, 0
2026/05/13 22:00:58.782, 1, NVIDIA A100-SXM4-80GB, 75797, 81920, 0, 0
2026/05/13 22:01:03.783, 0, NVIDIA A100-SXM4-80GB, 75797, 81920, 0, 0
2026/05/13 22:01:03.784, 1, NVIDIA A100-SXM4-80GB, 75797, 81920, 0, 0
2026/05/13 22:01:08.786, 0, NVIDIA A100-SXM4-80GB, 75797, 81920, 0, 0
2026/05/13 22:01:08.788, 1, NVIDIA A100-SXM4-80GB, 75797, 81920, 0, 0
2026/05/13 22:01:13.790, 0, NVIDIA A100-SXM4-80GB, 75797, 81920, 0, 0
2026/05/13 22:01:13.792, 1, NVIDIA A100-SXM4-80GB, 75797, 81920, 0, 0
2026/05/13 22:01:18.793, 0, NVIDIA A100-SXM4-80GB, 75797, 81920, 0, 0
2026/05/13 22:01:18.795, 1, NVIDIA A100-SXM4-80GB, 75797, 81920, 0, 0
2026/05/13 22:01:23.797, 0, NVIDIA A100-SXM4-80GB, 75797, 81920, 0, 0
2026/05/13 22:01:23.798, 1, NVIDIA A100-SXM4-80GB, 75797, 81920, 0, 0
2026/05/13 22:01:28.800, 0, NVIDIA A100-SXM4-80GB, 75797, 81920, 0, 0
2026/05/13 22:01:28.803, 1, NVIDIA A100-SXM4-80GB, 75797, 81920, 0, 0
2026/05/13 22:01:33.805, 0, NVIDIA A100-SXM4-80GB, 75797, 81920, 0, 0
2026/05/13 22:01:33.806, 1, NVIDIA A100-SXM4-80GB, 75797, 81920, 0, 0
2026/05/13 22:01:38.808, 0, NVIDIA A100-SXM4-80GB, 75797, 81920, 0, 0
2026/05/13 22:01:38.809, 1, NVIDIA A100-SXM4-80GB, 75797, 81920, 0, 0
2026/05/13 22:01:43.811, 0, NVIDIA A100-SXM4-80GB, 75797, 81920, 0, 0
2026/05/13 22:01:43.813, 1, NVIDIA A100-SXM4-80GB, 75797, 81920, 0, 0
2026/05/13 22:01:48.815, 0, NVIDIA A100-SXM4-80GB, 75797, 81920, 0, 0
2026/05/13 22:01:48.817, 1, NVIDIA A100-SXM4-80GB, 75797, 81920, 0, 0
2026/05/13 22:01:53.818, 0, NVIDIA A100-SXM4-80GB, 75797, 81920, 0, 0
2026/05/13 22:01:53.820, 1, NVIDIA A100-SXM4-80GB, 75797, 81920, 0, 0
2026/05/13 22:01:58.822, 0, NVIDIA A100-SXM4-80GB, 75797, 81920, 0, 0
2026/05/13 22:01:58.823, 1, NVIDIA A100-SXM4-80GB, 75797, 81920, 0, 0
2026/05/13 22:02:03.826, 0, NVIDIA A100-SXM4-80GB, 75797, 81920, 0, 0
2026/05/13 22:02:03.827, 1, NVIDIA A100-SXM4-80GB, 75797, 81920, 0, 0
2026/05/13 22:02:08.828, 0, NVIDIA A100-SXM4-80GB, 75797, 81920, 0, 0
2026/05/13 22:02:08.830, 1, NVIDIA A100-SXM4-80GB, 75797, 81920, 0, 0
2026/05/13 22:02:13.832, 0, NVIDIA A100-SXM4-80GB, 75797, 81920, 0, 0
2026/05/13 22:02:13.833, 1, NVIDIA A100-SXM4-80GB, 75797, 81920, 0, 0
2026/05/13 22:02:18.834, 0, NVIDIA A100-SXM4-80GB, 75797, 81920, 0, 0
2026/05/13 22:02:18.836, 1, NVIDIA A100-SXM4-80GB, 75797, 81920, 0, 0
2026/05/13 22:02:23.838, 0, NVIDIA A100-SXM4-80GB, 75797, 81920, 0, 0
2026/05/13 22:02:23.839, 1, NVIDIA A100-SXM4-80GB, 75797, 81920, 0, 0
2026/05/13 22:02:28.842, 0, NVIDIA A100-SXM4-80GB, 75797, 81920, 0, 0
2026/05/13 22:02:28.843, 1, NVIDIA A100-SXM4-80GB, 75797, 81920, 0, 0
2026/05/13 22:02:33.846, 0, NVIDIA A100-SXM4-80GB, 75797, 81920, 0, 0
2026/05/13 22:02:33.847, 1, NVIDIA A100-SXM4-80GB, 75797, 81920, 0, 0
2026/05/13 22:02:38.849, 0, NVIDIA A100-SXM4-80GB, 75797, 81920, 0, 0
2026/05/13 22:02:38.851, 1, NVIDIA A100-SXM4-80GB, 75797, 81920, 0, 0
2026/05/13 22:02:43.853, 0, NVIDIA A100-SXM4-80GB, 75797, 81920, 0, 0
2026/05/13 22:02:43.855, 1, NVIDIA A100-SXM4-80GB, 75797, 81920, 0, 0
2026/05/13 22:02:48.857, 0, NVIDIA A100-SXM4-80GB, 75797, 81920, 0, 0
2026/05/13 22:02:48.858, 1, NVIDIA A100-SXM4-80GB, 75797, 81920, 0, 0
2026/05/13 22:02:53.860, 0, NVIDIA A100-SXM4-80GB, 75797, 81920, 0, 0
2026/05/13 22:02:53.862, 1, NVIDIA A100-SXM4-80GB, 75797, 81920, 0, 0
2026/05/13 22:02:58.863, 0, NVIDIA A100-SXM4-80GB, 75797, 81920, 0, 0
2026/05/13 22:02:58.865, 1, NVIDIA A100-SXM4-80GB, 75797, 81920, 0, 0
2026/05/13 22:03:03.867, 0, NVIDIA A100-SXM4-80GB, 75797, 81920, 0, 0
2026/05/13 22:03:03.868, 1, NVIDIA A100-SXM4-80GB, 75797, 81920, 0, 0
2026/05/13 22:03:08.870, 0, NVIDIA A100-SXM4-80GB, 75797, 81920, 0, 0
2026/05/13 22:03:08.872, 1, NVIDIA A100-SXM4-80GB, 75797, 81920, 0, 0
2026/05/13 22:03:13.873, 0, NVIDIA A100-SXM4-80GB, 75797, 81920, 0, 0
2026/05/13 22:03:13.874, 1, NVIDIA A100-SXM4-80GB, 75797, 81920, 0, 0
2026/05/13 22:03:18.876, 0, NVIDIA A100-SXM4-80GB, 75797, 81920, 0, 0
2026/05/13 22:03:18.878, 1, NVIDIA A100-SXM4-80GB, 75797, 81920, 0, 0
2026/05/13 22:03:23.879, 0, NVIDIA A100-SXM4-80GB, 75797, 81920, 0, 0
2026/05/13 22:03:23.881, 1, NVIDIA A100-SXM4-80GB, 75797, 81920, 0, 0
2026/05/13 22:03:28.883, 0, NVIDIA A100-SXM4-80GB, 75797, 81920, 0, 0
2026/05/13 22:03:28.886, 1, NVIDIA A100-SXM4-80GB, 75797, 81920, 0, 0
2026/05/13 22:03:33.887, 0, NVIDIA A100-SXM4-80GB, 75797, 81920, 0, 0
2026/05/13 22:03:33.889, 1, NVIDIA A100-SXM4-80GB, 75797, 81920, 0, 0
2026/05/13 22:03:38.891, 0, NVIDIA A100-SXM4-80GB, 75797, 81920, 0, 0
2026/05/13 22:03:38.893, 1, NVIDIA A100-SXM4-80GB, 75797, 81920, 0, 0
2026/05/13 22:03:43.894, 0, NVIDIA A100-SXM4-80GB, 75797, 81920, 0, 0
2026/05/13 22:03:43.896, 1, NVIDIA A100-SXM4-80GB, 75797, 81920, 0, 0
2026/05/13 22:03:48.898, 0, NVIDIA A100-SXM4-80GB, 75797, 81920, 0, 0
2026/05/13 22:03:48.902, 1, NVIDIA A100-SXM4-80GB, 75797, 81920, 0, 0
2026/05/13 22:03:53.903, 0, NVIDIA A100-SXM4-80GB, 75797, 81920, 0, 0
2026/05/13 22:03:53.905, 1, NVIDIA A100-SXM4-80GB, 75797, 81920, 0, 0
2026/05/13 22:03:58.907, 0, NVIDIA A100-SXM4-80GB, 75797, 81920, 0, 0
2026/05/13 22:03:58.908, 1, NVIDIA A100-SXM4-80GB, 75797, 81920, 0, 0
2026/05/13 22:04:03.910, 0, NVIDIA A100-SXM4-80GB, 75797, 81920, 0, 0
2026/05/13 22:04:03.912, 1, NVIDIA A100-SXM4-80GB, 75797, 81920, 0, 0
2026/05/13 22:04:08.913, 0, NVIDIA A100-SXM4-80GB, 75797, 81920, 0, 0
2026/05/13 22:04:08.914, 1, NVIDIA A100-SXM4-80GB, 75797, 81920, 0, 0
2026/05/13 22:04:13.916, 0, NVIDIA A100-SXM4-80GB, 75797, 81920, 0, 0
2026/05/13 22:04:13.918, 1, NVIDIA A100-SXM4-80GB, 75797, 81920, 0, 0
2026/05/13 22:04:18.919, 0, NVIDIA A100-SXM4-80GB, 75797, 81920, 0, 0
2026/05/13 22:04:18.921, 1, NVIDIA A100-SXM4-80GB, 75797, 81920, 0, 0
2026/05/13 22:04:23.923, 0, NVIDIA A100-SXM4-80GB, 75797, 81920, 0, 0
2026/05/13 22:04:23.924, 1, NVIDIA A100-SXM4-80GB, 75797, 81920, 0, 0
2026/05/13 22:04:28.926, 0, NVIDIA A100-SXM4-80GB, 75797, 81920, 0, 0
2026/05/13 22:04:28.928, 1, NVIDIA A100-SXM4-80GB, 75797, 81920, 0, 0
2026/05/13 22:04:33.930, 0, NVIDIA A100-SXM4-80GB, 75797, 81920, 0, 0
2026/05/13 22:04:33.932, 1, NVIDIA A100-SXM4-80GB, 75797, 81920, 0, 0
2026/05/13 22:04:38.933, 0, NVIDIA A100-SXM4-80GB, 75797, 81920, 0, 0
2026/05/13 22:04:38.935, 1, NVIDIA A100-SXM4-80GB, 75797, 81920, 0, 0
2026/05/13 22:04:43.937, 0, NVIDIA A100-SXM4-80GB, 75797, 81920, 0, 0
2026/05/13 22:04:43.942, 1, NVIDIA A100-SXM4-80GB, 75797, 81920, 0, 0
2026/05/13 22:04:48.944, 0, NVIDIA A100-SXM4-80GB, 75797, 81920, 0, 0
2026/05/13 22:04:48.946, 1, NVIDIA A100-SXM4-80GB, 75797, 81920, 0, 0
2026/05/13 22:04:53.947, 0, NVIDIA A100-SXM4-80GB, 75797, 81920, 0, 0
2026/05/13 22:04:53.949, 1, NVIDIA A100-SXM4-80GB, 75797, 81920, 0, 0
2026/05/13 22:04:58.951, 0, NVIDIA A100-SXM4-80GB, 75797, 81920, 0, 0
2026/05/13 22:04:58.953, 1, NVIDIA A100-SXM4-80GB, 75797, 81920, 0, 0
2026/05/13 22:05:03.954, 0, NVIDIA A100-SXM4-80GB, 75797, 81920, 0, 0
2026/05/13 22:05:03.956, 1, NVIDIA A100-SXM4-80GB, 75797, 81920, 0, 0
2026/05/13 22:05:08.958, 0, NVIDIA A100-SXM4-80GB, 75797, 81920, 0, 0
2026/05/13 22:05:08.959, 1, NVIDIA A100-SXM4-80GB, 75797, 81920, 0, 0
2026/05/13 22:05:13.961, 0, NVIDIA A100-SXM4-80GB, 75797, 81920, 0, 0
2026/05/13 22:05:13.963, 1, NVIDIA A100-SXM4-80GB, 75797, 81920, 0, 0
2026/05/13 22:05:18.964, 0, NVIDIA A100-SXM4-80GB, 75797, 81920, 0, 0
2026/05/13 22:05:18.966, 1, NVIDIA A100-SXM4-80GB, 75797, 81920, 0, 0
2026/05/13 22:05:23.968, 0, NVIDIA A100-SXM4-80GB, 75797, 81920, 0, 0
2026/05/13 22:05:23.969, 1, NVIDIA A100-SXM4-80GB, 75797, 81920, 0, 0
2026/05/13 22:05:28.971, 0, NVIDIA A100-SXM4-80GB, 75797, 81920, 0, 0
2026/05/13 22:05:28.973, 1, NVIDIA A100-SXM4-80GB, 75797, 81920, 0, 0
2026/05/13 22:05:33.974, 0, NVIDIA A100-SXM4-80GB, 75797, 81920, 0, 0
2026/05/13 22:05:33.976, 1, NVIDIA A100-SXM4-80GB, 75797, 81920, 0, 0
2026/05/13 22:05:38.978, 0, NVIDIA A100-SXM4-80GB, 75797, 81920, 0, 0
2026/05/13 22:05:38.980, 1, NVIDIA A100-SXM4-80GB, 75797, 81920, 0, 0
2026/05/13 22:05:43.982, 0, NVIDIA A100-SXM4-80GB, 75797, 81920, 0, 0
2026/05/13 22:05:43.983, 1, NVIDIA A100-SXM4-80GB, 75797, 81920, 0, 0
2026/05/13 22:05:48.985, 0, NVIDIA A100-SXM4-80GB, 75797, 81920, 0, 0
2026/05/13 22:05:48.987, 1, NVIDIA A100-SXM4-80GB, 75797, 81920, 0, 0
2026/05/13 22:05:53.988, 0, NVIDIA A100-SXM4-80GB, 75797, 81920, 0, 0
2026/05/13 22:05:53.990, 1, NVIDIA A100-SXM4-80GB, 75797, 81920, 0, 0
2026/05/13 22:05:58.992, 0, NVIDIA A100-SXM4-80GB, 75797, 81920, 0, 0
2026/05/13 22:05:58.993, 1, NVIDIA A100-SXM4-80GB, 75797, 81920, 0, 0
2026/05/13 22:06:03.995, 0, NVIDIA A100-SXM4-80GB, 75797, 81920, 0, 0
2026/05/13 22:06:03.997, 1, NVIDIA A100-SXM4-80GB, 75797, 81920, 0, 0
2026/05/13 22:06:08.998, 0, NVIDIA A100-SXM4-80GB, 75797, 81920, 0, 0
2026/05/13 22:06:09.002, 1, NVIDIA A100-SXM4-80GB, 75797, 81920, 0, 0
2026/05/13 22:06:14.003, 0, NVIDIA A100-SXM4-80GB, 75797, 81920, 0, 0
2026/05/13 22:06:14.006, 1, NVIDIA A100-SXM4-80GB, 75797, 81920, 0, 0
2026/05/13 22:06:19.007, 0, NVIDIA A100-SXM4-80GB, 75797, 81920, 0, 0
2026/05/13 22:06:19.008, 1, NVIDIA A100-SXM4-80GB, 75797, 81920, 0, 0
2026/05/13 22:06:24.010, 0, NVIDIA A100-SXM4-80GB, 75797, 81920, 0, 0
2026/05/13 22:06:24.012, 1, NVIDIA A100-SXM4-80GB, 75797, 81920, 0, 0
2026/05/13 22:06:29.013, 0, NVIDIA A100-SXM4-80GB, 75797, 81920, 0, 0
2026/05/13 22:06:29.016, 1, NVIDIA A100-SXM4-80GB, 75797, 81920, 0, 0
2026/05/13 22:06:34.017, 0, NVIDIA A100-SXM4-80GB, 75797, 81920, 0, 0
2026/05/13 22:06:34.018, 1, NVIDIA A100-SXM4-80GB, 75797, 81920, 0, 0
2026/05/13 22:06:39.020, 0, NVIDIA A100-SXM4-80GB, 75797, 81920, 0, 0
2026/05/13 22:06:39.022, 1, NVIDIA A100-SXM4-80GB, 75797, 81920, 0, 0
2026/05/13 22:06:44.023, 0, NVIDIA A100-SXM4-80GB, 75797, 81920, 0, 0
2026/05/13 22:06:44.026, 1, NVIDIA A100-SXM4-80GB, 75797, 81920, 0, 0
2026/05/13 22:06:49.027, 0, NVIDIA A100-SXM4-80GB, 75797, 81920, 0, 0
2026/05/13 22:06:49.029, 1, NVIDIA A100-SXM4-80GB, 75797, 81920, 0, 0
2026/05/13 22:06:54.031, 0, NVIDIA A100-SXM4-80GB, 75797, 81920, 0, 0
2026/05/13 22:06:54.033, 1, NVIDIA A100-SXM4-80GB, 75797, 81920, 0, 0
2026/05/13 22:06:59.034, 0, NVIDIA A100-SXM4-80GB, 75797, 81920, 0, 0
2026/05/13 22:06:59.036, 1, NVIDIA A100-SXM4-80GB, 75797, 81920, 0, 0
2026/05/13 22:07:04.038, 0, NVIDIA A100-SXM4-80GB, 75797, 81920, 0, 0
2026/05/13 22:07:04.040, 1, NVIDIA A100-SXM4-80GB, 75797, 81920, 0, 0
2026/05/13 22:07:09.042, 0, NVIDIA A100-SXM4-80GB, 75797, 81920, 0, 0
2026/05/13 22:07:09.044, 1, NVIDIA A100-SXM4-80GB, 75797, 81920, 0, 0
2026/05/13 22:07:14.046, 0, NVIDIA A100-SXM4-80GB, 75797, 81920, 0, 0
2026/05/13 22:07:14.047, 1, NVIDIA A100-SXM4-80GB, 75797, 81920, 0, 0
2026/05/13 22:07:19.049, 0, NVIDIA A100-SXM4-80GB, 75797, 81920, 0, 0
2026/05/13 22:07:19.051, 1, NVIDIA A100-SXM4-80GB, 75797, 81920, 0, 0
2026/05/13 22:07:24.052, 0, NVIDIA A100-SXM4-80GB, 75797, 81920, 0, 0
2026/05/13 22:07:24.054, 1, NVIDIA A100-SXM4-80GB, 75797, 81920, 0, 0
2026/05/13 22:07:29.056, 0, NVIDIA A100-SXM4-80GB, 75797, 81920, 0, 0
2026/05/13 22:07:29.159, 1, NVIDIA A100-SXM4-80GB, 75797, 81920, 0, 0
2026/05/13 22:07:34.161, 0, NVIDIA A100-SXM4-80GB, 75797, 81920, 0, 0
2026/05/13 22:07:34.163, 1, NVIDIA A100-SXM4-80GB, 75797, 81920, 0, 0
2026/05/13 22:07:39.166, 0, NVIDIA A100-SXM4-80GB, 75797, 81920, 0, 0
2026/05/13 22:07:39.167, 1, NVIDIA A100-SXM4-80GB, 75797, 81920, 0, 0
2026/05/13 22:07:44.169, 0, NVIDIA A100-SXM4-80GB, 75797, 81920, 0, 0
2026/05/13 22:07:44.171, 1, NVIDIA A100-SXM4-80GB, 75797, 81920, 0, 0
2026/05/13 22:07:49.173, 0, NVIDIA A100-SXM4-80GB, 75797, 81920, 0, 0
2026/05/13 22:07:49.175, 1, NVIDIA A100-SXM4-80GB, 75797, 81920, 0, 0
2026/05/13 22:07:54.177, 0, NVIDIA A100-SXM4-80GB, 75797, 81920, 0, 0
2026/05/13 22:07:54.178, 1, NVIDIA A100-SXM4-80GB, 75797, 81920, 0, 0
2026/05/13 22:07:59.181, 0, NVIDIA A100-SXM4-80GB, 75797, 81920, 0, 0
2026/05/13 22:07:59.183, 1, NVIDIA A100-SXM4-80GB, 75797, 81920, 0, 0
2026/05/13 22:08:04.184, 0, NVIDIA A100-SXM4-80GB, 75797, 81920, 0, 0
2026/05/13 22:08:04.186, 1, NVIDIA A100-SXM4-80GB, 75797, 81920, 0, 0
2026/05/13 22:08:09.187, 0, NVIDIA A100-SXM4-80GB, 75797, 81920, 0, 0
2026/05/13 22:08:09.189, 1, NVIDIA A100-SXM4-80GB, 75797, 81920, 0, 0
2026/05/13 22:08:14.191, 0, NVIDIA A100-SXM4-80GB, 75797, 81920, 0, 0
2026/05/13 22:08:14.192, 1, NVIDIA A100-SXM4-80GB, 75797, 81920, 0, 0
2026/05/13 22:08:19.194, 0, NVIDIA A100-SXM4-80GB, 75797, 81920, 0, 0
2026/05/13 22:08:19.195, 1, NVIDIA A100-SXM4-80GB, 75797, 81920, 0, 0
2026/05/13 22:08:24.197, 0, NVIDIA A100-SXM4-80GB, 75797, 81920, 0, 0
2026/05/13 22:08:24.198, 1, NVIDIA A100-SXM4-80GB, 75797, 81920, 0, 0
2026/05/13 22:08:29.199, 0, NVIDIA A100-SXM4-80GB, 75797, 81920, 0, 0
2026/05/13 22:08:29.202, 1, NVIDIA A100-SXM4-80GB, 75797, 81920, 0, 0
2026/05/13 22:08:34.204, 0, NVIDIA A100-SXM4-80GB, 75797, 81920, 0, 0
2026/05/13 22:08:34.206, 1, NVIDIA A100-SXM4-80GB, 75797, 81920, 0, 0
2026/05/13 22:08:39.208, 0, NVIDIA A100-SXM4-80GB, 75797, 81920, 0, 0
2026/05/13 22:08:39.209, 1, NVIDIA A100-SXM4-80GB, 75797, 81920, 0, 0
2026/05/13 22:08:44.211, 0, NVIDIA A100-SXM4-80GB, 75797, 81920, 0, 0
2026/05/13 22:08:44.213, 1, NVIDIA A100-SXM4-80GB, 75797, 81920, 0, 0
2026/05/13 22:08:49.215, 0, NVIDIA A100-SXM4-80GB, 75797, 81920, 0, 0
2026/05/13 22:08:49.217, 1, NVIDIA A100-SXM4-80GB, 75797, 81920, 0, 0
2026/05/13 22:08:54.218, 0, NVIDIA A100-SXM4-80GB, 75797, 81920, 0, 0
2026/05/13 22:08:54.221, 1, NVIDIA A100-SXM4-80GB, 75797, 81920, 0, 0
2026/05/13 22:08:59.222, 0, NVIDIA A100-SXM4-80GB, 75797, 81920, 0, 0
2026/05/13 22:08:59.224, 1, NVIDIA A100-SXM4-80GB, 75797, 81920, 0, 0
2026/05/13 22:09:04.227, 0, NVIDIA A100-SXM4-80GB, 75797, 81920, 0, 0
2026/05/13 22:09:04.228, 1, NVIDIA A100-SXM4-80GB, 75797, 81920, 0, 0
2026/05/13 22:09:09.229, 0, NVIDIA A100-SXM4-80GB, 75797, 81920, 0, 0
2026/05/13 22:09:09.231, 1, NVIDIA A100-SXM4-80GB, 75797, 81920, 0, 0
2026/05/13 22:09:14.233, 0, NVIDIA A100-SXM4-80GB, 75797, 81920, 0, 0
2026/05/13 22:09:14.235, 1, NVIDIA A100-SXM4-80GB, 75797, 81920, 0, 0
2026/05/13 22:09:19.237, 0, NVIDIA A100-SXM4-80GB, 75797, 81920, 0, 0
2026/05/13 22:09:19.238, 1, NVIDIA A100-SXM4-80GB, 75797, 81920, 0, 0
2026/05/13 22:09:24.241, 0, NVIDIA A100-SXM4-80GB, 75797, 81920, 0, 0
2026/05/13 22:09:24.242, 1, NVIDIA A100-SXM4-80GB, 75797, 81920, 0, 0
2026/05/13 22:09:29.244, 0, NVIDIA A100-SXM4-80GB, 75797, 81920, 0, 0
2026/05/13 22:09:29.245, 1, NVIDIA A100-SXM4-80GB, 75797, 81920, 0, 0
2026/05/13 22:09:34.247, 0, NVIDIA A100-SXM4-80GB, 75797, 81920, 0, 0
2026/05/13 22:09:34.248, 1, NVIDIA A100-SXM4-80GB, 75797, 81920, 0, 0
2026/05/13 22:09:39.251, 0, NVIDIA A100-SXM4-80GB, 75797, 81920, 0, 0
2026/05/13 22:09:39.252, 1, NVIDIA A100-SXM4-80GB, 75797, 81920, 0, 0
2026/05/13 22:09:44.254, 0, NVIDIA A100-SXM4-80GB, 75797, 81920, 0, 0
2026/05/13 22:09:44.256, 1, NVIDIA A100-SXM4-80GB, 75797, 81920, 0, 0
2026/05/13 22:09:49.257, 0, NVIDIA A100-SXM4-80GB, 75797, 81920, 0, 0
2026/05/13 22:09:49.259, 1, NVIDIA A100-SXM4-80GB, 75797, 81920, 0, 0
2026/05/13 22:09:54.261, 0, NVIDIA A100-SXM4-80GB, 75797, 81920, 0, 0
2026/05/13 22:09:54.263, 1, NVIDIA A100-SXM4-80GB, 75797, 81920, 0, 0
2026/05/13 22:09:59.266, 0, NVIDIA A100-SXM4-80GB, 75797, 81920, 0, 0
2026/05/13 22:09:59.267, 1, NVIDIA A100-SXM4-80GB, 75797, 81920, 0, 0
2026/05/13 22:10:04.268, 0, NVIDIA A100-SXM4-80GB, 75797, 81920, 0, 0
2026/05/13 22:10:04.270, 1, NVIDIA A100-SXM4-80GB, 75797, 81920, 0, 0
2026/05/13 22:10:09.272, 0, NVIDIA A100-SXM4-80GB, 75797, 81920, 0, 0
2026/05/13 22:10:09.273, 1, NVIDIA A100-SXM4-80GB, 75797, 81920, 0, 0
2026/05/13 22:10:14.275, 0, NVIDIA A100-SXM4-80GB, 75797, 81920, 0, 0
2026/05/13 22:10:14.276, 1, NVIDIA A100-SXM4-80GB, 75797, 81920, 0, 0
2026/05/13 22:10:19.278, 0, NVIDIA A100-SXM4-80GB, 75797, 81920, 0, 0
2026/05/13 22:10:19.279, 1, NVIDIA A100-SXM4-80GB, 75797, 81920, 0, 0
2026/05/13 22:10:24.281, 0, NVIDIA A100-SXM4-80GB, 75797, 81920, 0, 0
2026/05/13 22:10:24.282, 1, NVIDIA A100-SXM4-80GB, 75797, 81920, 0, 0
2026/05/13 22:10:29.284, 0, NVIDIA A100-SXM4-80GB, 75797, 81920, 0, 0
2026/05/13 22:10:29.286, 1, NVIDIA A100-SXM4-80GB, 75797, 81920, 0, 0
2026/05/13 22:10:34.287, 0, NVIDIA A100-SXM4-80GB, 75797, 81920, 0, 0
2026/05/13 22:10:34.289, 1, NVIDIA A100-SXM4-80GB, 75797, 81920, 0, 0
2026/05/13 22:10:39.291, 0, NVIDIA A100-SXM4-80GB, 75797, 81920, 0, 0
2026/05/13 22:10:39.292, 1, NVIDIA A100-SXM4-80GB, 75797, 81920, 0, 0
2026/05/13 22:10:44.294, 0, NVIDIA A100-SXM4-80GB, 75797, 81920, 0, 0
2026/05/13 22:10:44.296, 1, NVIDIA A100-SXM4-80GB, 75797, 81920, 0, 0
2026/05/13 22:10:49.297, 0, NVIDIA A100-SXM4-80GB, 75797, 81920, 0, 0
2026/05/13 22:10:49.299, 1, NVIDIA A100-SXM4-80GB, 75797, 81920, 0, 0
2026/05/13 22:10:54.303, 0, NVIDIA A100-SXM4-80GB, 75797, 81920, 0, 0
2026/05/13 22:10:54.304, 1, NVIDIA A100-SXM4-80GB, 75797, 81920, 0, 0
2026/05/13 22:10:59.306, 0, NVIDIA A100-SXM4-80GB, 75797, 81920, 0, 0
2026/05/13 22:10:59.308, 1, NVIDIA A100-SXM4-80GB, 75797, 81920, 0, 0
2026/05/13 22:11:04.309, 0, NVIDIA A100-SXM4-80GB, 75797, 81920, 0, 0
2026/05/13 22:11:04.311, 1, NVIDIA A100-SXM4-80GB, 75797, 81920, 0, 0
2026/05/13 22:11:09.312, 0, NVIDIA A100-SXM4-80GB, 75797, 81920, 0, 0
2026/05/13 22:11:09.314, 1, NVIDIA A100-SXM4-80GB, 75797, 81920, 0, 0
2026/05/13 22:11:14.316, 0, NVIDIA A100-SXM4-80GB, 75797, 81920, 0, 0
2026/05/13 22:11:14.317, 1, NVIDIA A100-SXM4-80GB, 75797, 81920, 0, 0
2026/05/13 22:11:19.319, 0, NVIDIA A100-SXM4-80GB, 75797, 81920, 0, 0
2026/05/13 22:11:19.321, 1, NVIDIA A100-SXM4-80GB, 75797, 81920, 0, 0
2026/05/13 22:11:24.322, 0, NVIDIA A100-SXM4-80GB, 75797, 81920, 0, 0
2026/05/13 22:11:24.324, 1, NVIDIA A100-SXM4-80GB, 75797, 81920, 0, 0
2026/05/13 22:11:29.326, 0, NVIDIA A100-SXM4-80GB, 75797, 81920, 0, 0
2026/05/13 22:11:29.328, 1, NVIDIA A100-SXM4-80GB, 75797, 81920, 0, 0
2026/05/13 22:11:34.329, 0, NVIDIA A100-SXM4-80GB, 75797, 81920, 0, 0
2026/05/13 22:11:34.331, 1, NVIDIA A100-SXM4-80GB, 75797, 81920, 0, 0
2026/05/13 22:11:39.333, 0, NVIDIA A100-SXM4-80GB, 75797, 81920, 0, 0
2026/05/13 22:11:39.334, 1, NVIDIA A100-SXM4-80GB, 75797, 81920, 0, 0
2026/05/13 22:11:44.337, 0, NVIDIA A100-SXM4-80GB, 75797, 81920, 0, 0
2026/05/13 22:11:44.339, 1, NVIDIA A100-SXM4-80GB, 75797, 81920, 0, 0
2026/05/13 22:11:49.341, 0, NVIDIA A100-SXM4-80GB, 75797, 81920, 0, 0
2026/05/13 22:11:49.343, 1, NVIDIA A100-SXM4-80GB, 75797, 81920, 0, 0
2026/05/13 22:11:54.344, 0, NVIDIA A100-SXM4-80GB, 75797, 81920, 0, 0
2026/05/13 22:11:54.346, 1, NVIDIA A100-SXM4-80GB, 75797, 81920, 0, 0
2026/05/13 22:11:59.348, 0, NVIDIA A100-SXM4-80GB, 75797, 81920, 0, 0
2026/05/13 22:11:59.351, 1, NVIDIA A100-SXM4-80GB, 75797, 81920, 0, 0
2026/05/13 22:12:04.352, 0, NVIDIA A100-SXM4-80GB, 75797, 81920, 0, 0
2026/05/13 22:12:04.353, 1, NVIDIA A100-SXM4-80GB, 75797, 81920, 0, 0
2026/05/13 22:12:09.355, 0, NVIDIA A100-SXM4-80GB, 75797, 81920, 0, 0
2026/05/13 22:12:09.357, 1, NVIDIA A100-SXM4-80GB, 75797, 81920, 0, 0
2026/05/13 22:12:14.358, 0, NVIDIA A100-SXM4-80GB, 75797, 81920, 0, 0
2026/05/13 22:12:14.359, 1, NVIDIA A100-SXM4-80GB, 75797, 81920, 0, 0
2026/05/13 22:12:19.361, 0, NVIDIA A100-SXM4-80GB, 75797, 81920, 0, 0
2026/05/13 22:12:19.363, 1, NVIDIA A100-SXM4-80GB, 75797, 81920, 0, 0
2026/05/13 22:12:24.365, 0, NVIDIA A100-SXM4-80GB, 75797, 81920, 0, 0
2026/05/13 22:12:24.367, 1, NVIDIA A100-SXM4-80GB, 75797, 81920, 0, 0
2026/05/13 22:12:29.368, 0, NVIDIA A100-SXM4-80GB, 75797, 81920, 0, 0
2026/05/13 22:12:29.370, 1, NVIDIA A100-SXM4-80GB, 75797, 81920, 0, 0
2026/05/13 22:12:34.372, 0, NVIDIA A100-SXM4-80GB, 75797, 81920, 0, 0
2026/05/13 22:12:34.374, 1, NVIDIA A100-SXM4-80GB, 75797, 81920, 0, 0
2026/05/13 22:12:39.376, 0, NVIDIA A100-SXM4-80GB, 75797, 81920, 0, 0
2026/05/13 22:12:39.378, 1, NVIDIA A100-SXM4-80GB, 75797, 81920, 0, 0
2026/05/13 22:12:44.379, 0, NVIDIA A100-SXM4-80GB, 75797, 81920, 0, 0
2026/05/13 22:12:44.382, 1, NVIDIA A100-SXM4-80GB, 75797, 81920, 0, 0
2026/05/13 22:12:49.383, 0, NVIDIA A100-SXM4-80GB, 75797, 81920, 0, 0
2026/05/13 22:12:49.386, 1, NVIDIA A100-SXM4-80GB, 75797, 81920, 0, 0
2026/05/13 22:12:54.391, 0, NVIDIA A100-SXM4-80GB, 75797, 81920, 0, 0
2026/05/13 22:12:54.392, 1, NVIDIA A100-SXM4-80GB, 75797, 81920, 0, 0
2026/05/13 22:12:59.394, 0, NVIDIA A100-SXM4-80GB, 75797, 81920, 0, 0
2026/05/13 22:12:59.396, 1, NVIDIA A100-SXM4-80GB, 75797, 81920, 0, 0
2026/05/13 22:13:04.397, 0, NVIDIA A100-SXM4-80GB, 75797, 81920, 0, 0
2026/05/13 22:13:04.398, 1, NVIDIA A100-SXM4-80GB, 75797, 81920, 0, 0
2026/05/13 22:13:09.400, 0, NVIDIA A100-SXM4-80GB, 75797, 81920, 0, 0
2026/05/13 22:13:09.403, 1, NVIDIA A100-SXM4-80GB, 75797, 81920, 0, 0
2026/05/13 22:13:14.405, 0, NVIDIA A100-SXM4-80GB, 75797, 81920, 0, 0
2026/05/13 22:13:14.407, 1, NVIDIA A100-SXM4-80GB, 75797, 81920, 0, 0
2026/05/13 22:13:19.408, 0, NVIDIA A100-SXM4-80GB, 75797, 81920, 0, 0
2026/05/13 22:13:19.409, 1, NVIDIA A100-SXM4-80GB, 75797, 81920, 0, 0
2026/05/13 22:13:24.411, 0, NVIDIA A100-SXM4-80GB, 75797, 81920, 0, 0
2026/05/13 22:13:24.416, 1, NVIDIA A100-SXM4-80GB, 75797, 81920, 0, 0
2026/05/13 22:13:29.417, 0, NVIDIA A100-SXM4-80GB, 75797, 81920, 0, 0
2026/05/13 22:13:29.418, 1, NVIDIA A100-SXM4-80GB, 75797, 81920, 0, 0
2026/05/13 22:13:34.420, 0, NVIDIA A100-SXM4-80GB, 75797, 81920, 0, 0
2026/05/13 22:13:34.422, 1, NVIDIA A100-SXM4-80GB, 75797, 81920, 0, 0
2026/05/13 22:13:39.423, 0, NVIDIA A100-SXM4-80GB, 75797, 81920, 0, 0
2026/05/13 22:13:39.495, 1, NVIDIA A100-SXM4-80GB, 75797, 81920, 0, 0
2026/05/13 22:13:44.497, 0, NVIDIA A100-SXM4-80GB, 75797, 81920, 0, 0
2026/05/13 22:13:44.499, 1, NVIDIA A100-SXM4-80GB, 75797, 81920, 0, 0
2026/05/13 22:13:49.503, 0, NVIDIA A100-SXM4-80GB, 75797, 81920, 0, 0
2026/05/13 22:13:49.504, 1, NVIDIA A100-SXM4-80GB, 75797, 81920, 0, 0
2026/05/13 22:13:54.506, 0, NVIDIA A100-SXM4-80GB, 75797, 81920, 0, 0
2026/05/13 22:13:54.507, 1, NVIDIA A100-SXM4-80GB, 75797, 81920, 0, 0
2026/05/13 22:13:59.509, 0, NVIDIA A100-SXM4-80GB, 75797, 81920, 0, 0
2026/05/13 22:13:59.511, 1, NVIDIA A100-SXM4-80GB, 75797, 81920, 0, 0
2026/05/13 22:14:04.512, 0, NVIDIA A100-SXM4-80GB, 75797, 81920, 0, 0
2026/05/13 22:14:04.513, 1, NVIDIA A100-SXM4-80GB, 75797, 81920, 0, 0
2026/05/13 22:14:09.515, 0, NVIDIA A100-SXM4-80GB, 75797, 81920, 0, 0
2026/05/13 22:14:09.517, 1, NVIDIA A100-SXM4-80GB, 75797, 81920, 0, 0
2026/05/13 22:14:14.518, 0, NVIDIA A100-SXM4-80GB, 75797, 81920, 0, 0
2026/05/13 22:14:14.521, 1, NVIDIA A100-SXM4-80GB, 75797, 81920, 0, 0
2026/05/13 22:14:19.522, 0, NVIDIA A100-SXM4-80GB, 75797, 81920, 0, 0
2026/05/13 22:14:19.524, 1, NVIDIA A100-SXM4-80GB, 75797, 81920, 0, 0
2026/05/13 22:14:24.526, 0, NVIDIA A100-SXM4-80GB, 75797, 81920, 0, 0
2026/05/13 22:14:24.527, 1, NVIDIA A100-SXM4-80GB, 75797, 81920, 0, 0
2026/05/13 22:14:29.529, 0, NVIDIA A100-SXM4-80GB, 75797, 81920, 0, 0
2026/05/13 22:14:29.531, 1, NVIDIA A100-SXM4-80GB, 75797, 81920, 0, 0
2026/05/13 22:14:34.532, 0, NVIDIA A100-SXM4-80GB, 75797, 81920, 0, 0
2026/05/13 22:14:34.534, 1, NVIDIA A100-SXM4-80GB, 75797, 81920, 0, 0
2026/05/13 22:14:39.536, 0, NVIDIA A100-SXM4-80GB, 75797, 81920, 0, 0
2026/05/13 22:14:39.537, 1, NVIDIA A100-SXM4-80GB, 75797, 81920, 0, 0
2026/05/13 22:14:44.539, 0, NVIDIA A100-SXM4-80GB, 75797, 81920, 0, 0
2026/05/13 22:14:44.541, 1, NVIDIA A100-SXM4-80GB, 75797, 81920, 0, 0
2026/05/13 22:14:49.543, 0, NVIDIA A100-SXM4-80GB, 75797, 81920, 0, 0
2026/05/13 22:14:49.544, 1, NVIDIA A100-SXM4-80GB, 75797, 81920, 0, 0
2026/05/13 22:14:54.546, 0, NVIDIA A100-SXM4-80GB, 75797, 81920, 0, 0
2026/05/13 22:14:54.548, 1, NVIDIA A100-SXM4-80GB, 75797, 81920, 0, 0
2026/05/13 22:14:59.549, 0, NVIDIA A100-SXM4-80GB, 75797, 81920, 0, 0
2026/05/13 22:14:59.551, 1, NVIDIA A100-SXM4-80GB, 75797, 81920, 0, 0
2026/05/13 22:15:04.553, 0, NVIDIA A100-SXM4-80GB, 76219, 81920, 3, 0
2026/05/13 22:15:04.555, 1, NVIDIA A100-SXM4-80GB, 75797, 81920, 0, 0
2026/05/13 22:15:09.557, 0, NVIDIA A100-SXM4-80GB, 75797, 81920, 0, 0
2026/05/13 22:15:09.558, 1, NVIDIA A100-SXM4-80GB, 75797, 81920, 0, 0
2026/05/13 22:15:14.560, 0, NVIDIA A100-SXM4-80GB, 75797, 81920, 0, 0
2026/05/13 22:15:14.562, 1, NVIDIA A100-SXM4-80GB, 75797, 81920, 0, 0
2026/05/13 22:15:19.563, 0, NVIDIA A100-SXM4-80GB, 75797, 81920, 0, 0
2026/05/13 22:15:19.564, 1, NVIDIA A100-SXM4-80GB, 75797, 81920, 0, 0
2026/05/13 22:15:24.566, 0, NVIDIA A100-SXM4-80GB, 75797, 81920, 0, 0
2026/05/13 22:15:24.568, 1, NVIDIA A100-SXM4-80GB, 75797, 81920, 0, 0
2026/05/13 22:15:29.569, 0, NVIDIA A100-SXM4-80GB, 75797, 81920, 0, 0
2026/05/13 22:15:29.571, 1, NVIDIA A100-SXM4-80GB, 75797, 81920, 0, 0
2026/05/13 22:15:34.572, 0, NVIDIA A100-SXM4-80GB, 75797, 81920, 0, 0
2026/05/13 22:15:34.574, 1, NVIDIA A100-SXM4-80GB, 75797, 81920, 0, 0
2026/05/13 22:15:39.576, 0, NVIDIA A100-SXM4-80GB, 75797, 81920, 0, 0
2026/05/13 22:15:39.578, 1, NVIDIA A100-SXM4-80GB, 75797, 81920, 0, 0
2026/05/13 22:15:44.580, 0, NVIDIA A100-SXM4-80GB, 75797, 81920, 0, 0
2026/05/13 22:15:44.582, 1, NVIDIA A100-SXM4-80GB, 75797, 81920, 0, 0
2026/05/13 22:15:49.583, 0, NVIDIA A100-SXM4-80GB, 75797, 81920, 0, 0
2026/05/13 22:15:49.585, 1, NVIDIA A100-SXM4-80GB, 75797, 81920, 0, 0
2026/05/13 22:15:54.587, 0, NVIDIA A100-SXM4-80GB, 75797, 81920, 0, 0
2026/05/13 22:15:54.651, 1, NVIDIA A100-SXM4-80GB, 75797, 81920, 0, 0
2026/05/13 22:15:59.654, 0, NVIDIA A100-SXM4-80GB, 75797, 81920, 0, 0
2026/05/13 22:15:59.656, 1, NVIDIA A100-SXM4-80GB, 75797, 81920, 0, 0
2026/05/13 22:16:04.657, 0, NVIDIA A100-SXM4-80GB, 75797, 81920, 0, 0
2026/05/13 22:16:04.659, 1, NVIDIA A100-SXM4-80GB, 75797, 81920, 0, 0
2026/05/13 22:16:09.661, 0, NVIDIA A100-SXM4-80GB, 75797, 81920, 0, 0
2026/05/13 22:16:09.663, 1, NVIDIA A100-SXM4-80GB, 75797, 81920, 0, 0
2026/05/13 22:16:14.664, 0, NVIDIA A100-SXM4-80GB, 75797, 81920, 0, 0
2026/05/13 22:16:14.666, 1, NVIDIA A100-SXM4-80GB, 75797, 81920, 0, 0
2026/05/13 22:16:19.668, 0, NVIDIA A100-SXM4-80GB, 75797, 81920, 0, 0
2026/05/13 22:16:19.669, 1, NVIDIA A100-SXM4-80GB, 75797, 81920, 0, 0
2026/05/13 22:16:24.671, 0, NVIDIA A100-SXM4-80GB, 75797, 81920, 0, 0
2026/05/13 22:16:24.672, 1, NVIDIA A100-SXM4-80GB, 75797, 81920, 0, 0
2026/05/13 22:16:29.674, 0, NVIDIA A100-SXM4-80GB, 75797, 81920, 0, 0
2026/05/13 22:16:29.676, 1, NVIDIA A100-SXM4-80GB, 75797, 81920, 0, 0
2026/05/13 22:16:34.677, 0, NVIDIA A100-SXM4-80GB, 75797, 81920, 0, 0
2026/05/13 22:16:34.679, 1, NVIDIA A100-SXM4-80GB, 75797, 81920, 0, 0
2026/05/13 22:16:39.681, 0, NVIDIA A100-SXM4-80GB, 75797, 81920, 0, 0
2026/05/13 22:16:39.683, 1, NVIDIA A100-SXM4-80GB, 75797, 81920, 0, 0
2026/05/13 22:16:44.684, 0, NVIDIA A100-SXM4-80GB, 75797, 81920, 0, 0
2026/05/13 22:16:44.687, 1, NVIDIA A100-SXM4-80GB, 75797, 81920, 0, 0
2026/05/13 22:16:49.688, 0, NVIDIA A100-SXM4-80GB, 75797, 81920, 0, 0
2026/05/13 22:16:49.690, 1, NVIDIA A100-SXM4-80GB, 75797, 81920, 0, 0
2026/05/13 22:16:54.692, 0, NVIDIA A100-SXM4-80GB, 75797, 81920, 0, 0
2026/05/13 22:16:54.694, 1, NVIDIA A100-SXM4-80GB, 75797, 81920, 0, 0
2026/05/13 22:16:59.696, 0, NVIDIA A100-SXM4-80GB, 75797, 81920, 0, 0
2026/05/13 22:16:59.697, 1, NVIDIA A100-SXM4-80GB, 75797, 81920, 0, 0
2026/05/13 22:17:04.699, 0, NVIDIA A100-SXM4-80GB, 75797, 81920, 0, 0
2026/05/13 22:17:04.703, 1, NVIDIA A100-SXM4-80GB, 75797, 81920, 0, 0
2026/05/13 22:17:09.704, 0, NVIDIA A100-SXM4-80GB, 75797, 81920, 0, 0
2026/05/13 22:17:09.706, 1, NVIDIA A100-SXM4-80GB, 75797, 81920, 0, 0
2026/05/13 22:17:14.707, 0, NVIDIA A100-SXM4-80GB, 75797, 81920, 0, 0
2026/05/13 22:17:14.709, 1, NVIDIA A100-SXM4-80GB, 75797, 81920, 0, 0
2026/05/13 22:17:19.711, 0, NVIDIA A100-SXM4-80GB, 75797, 81920, 0, 0
2026/05/13 22:17:19.713, 1, NVIDIA A100-SXM4-80GB, 75797, 81920, 0, 0
2026/05/13 22:17:24.714, 0, NVIDIA A100-SXM4-80GB, 75797, 81920, 0, 0
2026/05/13 22:17:24.716, 1, NVIDIA A100-SXM4-80GB, 75797, 81920, 0, 0
2026/05/13 22:17:29.717, 0, NVIDIA A100-SXM4-80GB, 75797, 81920, 0, 0
2026/05/13 22:17:29.719, 1, NVIDIA A100-SXM4-80GB, 75797, 81920, 0, 0
2026/05/13 22:17:34.721, 0, NVIDIA A100-SXM4-80GB, 75797, 81920, 0, 0
2026/05/13 22:17:34.723, 1, NVIDIA A100-SXM4-80GB, 75797, 81920, 0, 0
2026/05/13 22:17:39.725, 0, NVIDIA A100-SXM4-80GB, 75797, 81920, 0, 0
2026/05/13 22:17:39.727, 1, NVIDIA A100-SXM4-80GB, 75797, 81920, 0, 0
2026/05/13 22:17:44.728, 0, NVIDIA A100-SXM4-80GB, 75797, 81920, 0, 0
2026/05/13 22:17:44.730, 1, NVIDIA A100-SXM4-80GB, 75797, 81920, 0, 0
2026/05/13 22:17:49.732, 0, NVIDIA A100-SXM4-80GB, 75797, 81920, 0, 0
2026/05/13 22:17:49.734, 1, NVIDIA A100-SXM4-80GB, 75797, 81920, 0, 0
2026/05/13 22:17:54.736, 0, NVIDIA A100-SXM4-80GB, 75797, 81920, 0, 0
2026/05/13 22:17:54.738, 1, NVIDIA A100-SXM4-80GB, 75797, 81920, 0, 0
2026/05/13 22:17:59.739, 0, NVIDIA A100-SXM4-80GB, 75797, 81920, 0, 0
2026/05/13 22:17:59.741, 1, NVIDIA A100-SXM4-80GB, 75797, 81920, 0, 0
2026/05/13 22:18:04.743, 0, NVIDIA A100-SXM4-80GB, 75797, 81920, 0, 0
2026/05/13 22:18:04.744, 1, NVIDIA A100-SXM4-80GB, 75797, 81920, 0, 0
2026/05/13 22:18:09.746, 0, NVIDIA A100-SXM4-80GB, 75797, 81920, 0, 0
2026/05/13 22:18:09.749, 1, NVIDIA A100-SXM4-80GB, 75797, 81920, 0, 0
2026/05/13 22:18:14.750, 0, NVIDIA A100-SXM4-80GB, 75797, 81920, 0, 0
2026/05/13 22:18:14.752, 1, NVIDIA A100-SXM4-80GB, 75797, 81920, 0, 0
2026/05/13 22:18:19.754, 0, NVIDIA A100-SXM4-80GB, 75797, 81920, 0, 0
2026/05/13 22:18:19.756, 1, NVIDIA A100-SXM4-80GB, 75797, 81920, 0, 0
2026/05/13 22:18:24.757, 0, NVIDIA A100-SXM4-80GB, 75797, 81920, 0, 0
2026/05/13 22:18:24.759, 1, NVIDIA A100-SXM4-80GB, 75797, 81920, 0, 0
2026/05/13 22:18:29.761, 0, NVIDIA A100-SXM4-80GB, 75797, 81920, 0, 0
2026/05/13 22:18:29.763, 1, NVIDIA A100-SXM4-80GB, 75797, 81920, 0, 0
2026/05/13 22:18:34.765, 0, NVIDIA A100-SXM4-80GB, 75797, 81920, 0, 0
2026/05/13 22:18:34.767, 1, NVIDIA A100-SXM4-80GB, 75797, 81920, 0, 0
2026/05/13 22:18:39.768, 0, NVIDIA A100-SXM4-80GB, 75797, 81920, 0, 0
2026/05/13 22:18:39.770, 1, NVIDIA A100-SXM4-80GB, 75797, 81920, 0, 0
2026/05/13 22:18:44.772, 0, NVIDIA A100-SXM4-80GB, 75797, 81920, 0, 0
2026/05/13 22:18:44.774, 1, NVIDIA A100-SXM4-80GB, 75797, 81920, 0, 0
2026/05/13 22:18:49.776, 0, NVIDIA A100-SXM4-80GB, 75797, 81920, 0, 0
2026/05/13 22:18:49.778, 1, NVIDIA A100-SXM4-80GB, 75797, 81920, 0, 0
2026/05/13 22:18:54.779, 0, NVIDIA A100-SXM4-80GB, 75797, 81920, 0, 0
2026/05/13 22:18:54.781, 1, NVIDIA A100-SXM4-80GB, 75797, 81920, 0, 0
2026/05/13 22:18:59.782, 0, NVIDIA A100-SXM4-80GB, 75797, 81920, 0, 0
2026/05/13 22:18:59.784, 1, NVIDIA A100-SXM4-80GB, 75797, 81920, 0, 0
2026/05/13 22:19:04.786, 0, NVIDIA A100-SXM4-80GB, 75797, 81920, 0, 0
2026/05/13 22:19:04.787, 1, NVIDIA A100-SXM4-80GB, 75797, 81920, 0, 0
2026/05/13 22:19:09.789, 0, NVIDIA A100-SXM4-80GB, 75797, 81920, 0, 0
2026/05/13 22:19:09.791, 1, NVIDIA A100-SXM4-80GB, 75797, 81920, 0, 0
2026/05/13 22:19:14.792, 0, NVIDIA A100-SXM4-80GB, 75797, 81920, 0, 0
2026/05/13 22:19:14.794, 1, NVIDIA A100-SXM4-80GB, 75797, 81920, 0, 0
2026/05/13 22:19:19.796, 0, NVIDIA A100-SXM4-80GB, 75797, 81920, 0, 0
2026/05/13 22:19:19.797, 1, NVIDIA A100-SXM4-80GB, 75797, 81920, 0, 0
2026/05/13 22:19:24.798, 0, NVIDIA A100-SXM4-80GB, 75797, 81920, 0, 0
2026/05/13 22:19:24.800, 1, NVIDIA A100-SXM4-80GB, 75797, 81920, 0, 0
2026/05/13 22:19:29.803, 0, NVIDIA A100-SXM4-80GB, 75797, 81920, 0, 0
2026/05/13 22:19:29.805, 1, NVIDIA A100-SXM4-80GB, 75797, 81920, 0, 0
2026/05/13 22:19:34.807, 0, NVIDIA A100-SXM4-80GB, 75797, 81920, 0, 0
2026/05/13 22:19:34.808, 1, NVIDIA A100-SXM4-80GB, 75797, 81920, 0, 0
2026/05/13 22:19:39.810, 0, NVIDIA A100-SXM4-80GB, 75797, 81920, 0, 0
2026/05/13 22:19:39.812, 1, NVIDIA A100-SXM4-80GB, 75797, 81920, 0, 0
2026/05/13 22:19:44.813, 0, NVIDIA A100-SXM4-80GB, 75797, 81920, 0, 0
2026/05/13 22:19:44.815, 1, NVIDIA A100-SXM4-80GB, 75797, 81920, 0, 0
2026/05/13 22:19:49.817, 0, NVIDIA A100-SXM4-80GB, 75797, 81920, 0, 0
2026/05/13 22:19:49.818, 1, NVIDIA A100-SXM4-80GB, 75797, 81920, 0, 0
2026/05/13 22:19:54.820, 0, NVIDIA A100-SXM4-80GB, 75797, 81920, 0, 0
2026/05/13 22:19:54.823, 1, NVIDIA A100-SXM4-80GB, 75797, 81920, 0, 0
2026/05/13 22:19:59.824, 0, NVIDIA A100-SXM4-80GB, 75797, 81920, 0, 0
2026/05/13 22:19:59.827, 1, NVIDIA A100-SXM4-80GB, 75797, 81920, 0, 0
2026/05/13 22:20:04.828, 0, NVIDIA A100-SXM4-80GB, 75797, 81920, 0, 0
2026/05/13 22:20:04.829, 1, NVIDIA A100-SXM4-80GB, 75797, 81920, 0, 0
2026/05/13 22:20:09.831, 0, NVIDIA A100-SXM4-80GB, 75797, 81920, 0, 0
2026/05/13 22:20:09.833, 1, NVIDIA A100-SXM4-80GB, 75797, 81920, 0, 0
2026/05/13 22:20:14.834, 0, NVIDIA A100-SXM4-80GB, 75797, 81920, 0, 0
2026/05/13 22:20:14.836, 1, NVIDIA A100-SXM4-80GB, 75797, 81920, 0, 0
2026/05/13 22:20:19.838, 0, NVIDIA A100-SXM4-80GB, 75797, 81920, 0, 0
2026/05/13 22:20:19.839, 1, NVIDIA A100-SXM4-80GB, 75797, 81920, 0, 0
2026/05/13 22:20:24.841, 0, NVIDIA A100-SXM4-80GB, 75797, 81920, 0, 0
2026/05/13 22:20:24.842, 1, NVIDIA A100-SXM4-80GB, 75797, 81920, 0, 0
2026/05/13 22:20:29.844, 0, NVIDIA A100-SXM4-80GB, 75797, 81920, 0, 0
2026/05/13 22:20:29.846, 1, NVIDIA A100-SXM4-80GB, 75797, 81920, 0, 0
2026/05/13 22:20:34.847, 0, NVIDIA A100-SXM4-80GB, 75797, 81920, 0, 0
2026/05/13 22:20:34.849, 1, NVIDIA A100-SXM4-80GB, 75797, 81920, 0, 0
2026/05/13 22:20:39.850, 0, NVIDIA A100-SXM4-80GB, 75797, 81920, 0, 0
2026/05/13 22:20:39.853, 1, NVIDIA A100-SXM4-80GB, 75797, 81920, 0, 0
2026/05/13 22:20:44.854, 0, NVIDIA A100-SXM4-80GB, 75797, 81920, 0, 0
2026/05/13 22:20:44.856, 1, NVIDIA A100-SXM4-80GB, 75797, 81920, 0, 0
2026/05/13 22:20:49.857, 0, NVIDIA A100-SXM4-80GB, 75797, 81920, 0, 0
2026/05/13 22:20:49.859, 1, NVIDIA A100-SXM4-80GB, 75797, 81920, 0, 0
2026/05/13 22:20:54.860, 0, NVIDIA A100-SXM4-80GB, 75797, 81920, 0, 0
2026/05/13 22:20:54.862, 1, NVIDIA A100-SXM4-80GB, 75797, 81920, 0, 0
2026/05/13 22:20:59.863, 0, NVIDIA A100-SXM4-80GB, 75797, 81920, 0, 0
2026/05/13 22:20:59.865, 1, NVIDIA A100-SXM4-80GB, 75797, 81920, 0, 0
2026/05/13 22:21:04.867, 0, NVIDIA A100-SXM4-80GB, 75797, 81920, 0, 0
2026/05/13 22:21:04.868, 1, NVIDIA A100-SXM4-80GB, 75797, 81920, 0, 0
2026/05/13 22:21:09.870, 0, NVIDIA A100-SXM4-80GB, 75797, 81920, 0, 0
2026/05/13 22:21:09.872, 1, NVIDIA A100-SXM4-80GB, 75797, 81920, 0, 0
2026/05/13 22:21:14.873, 0, NVIDIA A100-SXM4-80GB, 75797, 81920, 0, 0
2026/05/13 22:21:14.874, 1, NVIDIA A100-SXM4-80GB, 75797, 81920, 0, 0
2026/05/13 22:21:19.876, 0, NVIDIA A100-SXM4-80GB, 75797, 81920, 0, 0
2026/05/13 22:21:19.878, 1, NVIDIA A100-SXM4-80GB, 75797, 81920, 0, 0
2026/05/13 22:21:24.879, 0, NVIDIA A100-SXM4-80GB, 75797, 81920, 0, 0
2026/05/13 22:21:24.881, 1, NVIDIA A100-SXM4-80GB, 75797, 81920, 0, 0
2026/05/13 22:21:29.883, 0, NVIDIA A100-SXM4-80GB, 75797, 81920, 0, 0
2026/05/13 22:21:29.884, 1, NVIDIA A100-SXM4-80GB, 75797, 81920, 0, 0
2026/05/13 22:21:34.887, 0, NVIDIA A100-SXM4-80GB, 75797, 81920, 0, 0
2026/05/13 22:21:34.888, 1, NVIDIA A100-SXM4-80GB, 75797, 81920, 0, 0
2026/05/13 22:21:39.890, 0, NVIDIA A100-SXM4-80GB, 75797, 81920, 0, 0
2026/05/13 22:21:39.892, 1, NVIDIA A100-SXM4-80GB, 75797, 81920, 0, 0
2026/05/13 22:21:44.893, 0, NVIDIA A100-SXM4-80GB, 75797, 81920, 0, 0
2026/05/13 22:21:44.895, 1, NVIDIA A100-SXM4-80GB, 75797, 81920, 0, 0
2026/05/13 22:21:49.897, 0, NVIDIA A100-SXM4-80GB, 75797, 81920, 0, 0
2026/05/13 22:21:49.898, 1, NVIDIA A100-SXM4-80GB, 75797, 81920, 0, 0
2026/05/13 22:21:54.900, 0, NVIDIA A100-SXM4-80GB, 75797, 81920, 0, 0
2026/05/13 22:21:54.903, 1, NVIDIA A100-SXM4-80GB, 75797, 81920, 0, 0
2026/05/13 22:21:59.905, 0, NVIDIA A100-SXM4-80GB, 75797, 81920, 0, 0
2026/05/13 22:21:59.907, 1, NVIDIA A100-SXM4-80GB, 75797, 81920, 0, 0
2026/05/13 22:22:04.908, 0, NVIDIA A100-SXM4-80GB, 75797, 81920, 0, 0
2026/05/13 22:22:04.911, 1, NVIDIA A100-SXM4-80GB, 75797, 81920, 0, 0
2026/05/13 22:22:09.912, 0, NVIDIA A100-SXM4-80GB, 75797, 81920, 0, 0
2026/05/13 22:22:09.914, 1, NVIDIA A100-SXM4-80GB, 75797, 81920, 0, 0
2026/05/13 22:22:14.916, 0, NVIDIA A100-SXM4-80GB, 75797, 81920, 0, 0
2026/05/13 22:22:14.917, 1, NVIDIA A100-SXM4-80GB, 75797, 81920, 0, 0
2026/05/13 22:22:19.919, 0, NVIDIA A100-SXM4-80GB, 75797, 81920, 0, 0
2026/05/13 22:22:19.921, 1, NVIDIA A100-SXM4-80GB, 75797, 81920, 0, 0
2026/05/13 22:22:24.922, 0, NVIDIA A100-SXM4-80GB, 75797, 81920, 0, 0
2026/05/13 22:22:24.923, 1, NVIDIA A100-SXM4-80GB, 75797, 81920, 0, 0
2026/05/13 22:22:29.925, 0, NVIDIA A100-SXM4-80GB, 75797, 81920, 0, 0
2026/05/13 22:22:29.927, 1, NVIDIA A100-SXM4-80GB, 75797, 81920, 0, 0
2026/05/13 22:22:34.928, 0, NVIDIA A100-SXM4-80GB, 75797, 81920, 0, 0
2026/05/13 22:22:34.930, 1, NVIDIA A100-SXM4-80GB, 75797, 81920, 0, 0
2026/05/13 22:22:39.931, 0, NVIDIA A100-SXM4-80GB, 75797, 81920, 0, 0
2026/05/13 22:22:39.933, 1, NVIDIA A100-SXM4-80GB, 75797, 81920, 0, 0
2026/05/13 22:22:44.935, 0, NVIDIA A100-SXM4-80GB, 75797, 81920, 0, 0
2026/05/13 22:22:44.937, 1, NVIDIA A100-SXM4-80GB, 75797, 81920, 0, 0
2026/05/13 22:22:49.939, 0, NVIDIA A100-SXM4-80GB, 75797, 81920, 0, 0
2026/05/13 22:22:49.941, 1, NVIDIA A100-SXM4-80GB, 75797, 81920, 0, 0
2026/05/13 22:22:54.942, 0, NVIDIA A100-SXM4-80GB, 75797, 81920, 0, 0
2026/05/13 22:22:54.944, 1, NVIDIA A100-SXM4-80GB, 75797, 81920, 0, 0
2026/05/13 22:22:59.946, 0, NVIDIA A100-SXM4-80GB, 75797, 81920, 0, 0
2026/05/13 22:22:59.948, 1, NVIDIA A100-SXM4-80GB, 75797, 81920, 0, 0
2026/05/13 22:23:04.949, 0, NVIDIA A100-SXM4-80GB, 75797, 81920, 0, 0
2026/05/13 22:23:04.951, 1, NVIDIA A100-SXM4-80GB, 75797, 81920, 0, 0
2026/05/13 22:23:09.952, 0, NVIDIA A100-SXM4-80GB, 75797, 81920, 0, 0
2026/05/13 22:23:09.954, 1, NVIDIA A100-SXM4-80GB, 75797, 81920, 0, 0
2026/05/13 22:23:14.956, 0, NVIDIA A100-SXM4-80GB, 75797, 81920, 0, 0
2026/05/13 22:23:14.958, 1, NVIDIA A100-SXM4-80GB, 75797, 81920, 0, 0
2026/05/13 22:23:19.959, 0, NVIDIA A100-SXM4-80GB, 75797, 81920, 0, 0
2026/05/13 22:23:19.961, 1, NVIDIA A100-SXM4-80GB, 75797, 81920, 0, 0
2026/05/13 22:23:24.962, 0, NVIDIA A100-SXM4-80GB, 75797, 81920, 0, 0
2026/05/13 22:23:24.964, 1, NVIDIA A100-SXM4-80GB, 75797, 81920, 0, 0
2026/05/13 22:23:29.966, 0, NVIDIA A100-SXM4-80GB, 75797, 81920, 0, 0
2026/05/13 22:23:29.967, 1, NVIDIA A100-SXM4-80GB, 75797, 81920, 0, 0
2026/05/13 22:23:34.969, 0, NVIDIA A100-SXM4-80GB, 75797, 81920, 0, 0
2026/05/13 22:23:34.971, 1, NVIDIA A100-SXM4-80GB, 75797, 81920, 0, 0
2026/05/13 22:23:39.973, 0, NVIDIA A100-SXM4-80GB, 75797, 81920, 0, 0
2026/05/13 22:23:39.974, 1, NVIDIA A100-SXM4-80GB, 75797, 81920, 0, 0
2026/05/13 22:23:44.976, 0, NVIDIA A100-SXM4-80GB, 75797, 81920, 0, 0
2026/05/13 22:23:44.978, 1, NVIDIA A100-SXM4-80GB, 75797, 81920, 0, 0
2026/05/13 22:23:49.979, 0, NVIDIA A100-SXM4-80GB, 75797, 81920, 0, 0
2026/05/13 22:23:49.981, 1, NVIDIA A100-SXM4-80GB, 75797, 81920, 0, 0
2026/05/13 22:23:54.983, 0, NVIDIA A100-SXM4-80GB, 75797, 81920, 0, 0
2026/05/13 22:23:54.984, 1, NVIDIA A100-SXM4-80GB, 75797, 81920, 0, 0
2026/05/13 22:23:59.986, 0, NVIDIA A100-SXM4-80GB, 75797, 81920, 0, 0
2026/05/13 22:23:59.987, 1, NVIDIA A100-SXM4-80GB, 75797, 81920, 0, 0
2026/05/13 22:24:04.989, 0, NVIDIA A100-SXM4-80GB, 75797, 81920, 0, 0
2026/05/13 22:24:04.991, 1, NVIDIA A100-SXM4-80GB, 75797, 81920, 0, 0
2026/05/13 22:24:09.993, 0, NVIDIA A100-SXM4-80GB, 75797, 81920, 0, 0
2026/05/13 22:24:09.994, 1, NVIDIA A100-SXM4-80GB, 75797, 81920, 0, 0
2026/05/13 22:24:14.996, 0, NVIDIA A100-SXM4-80GB, 75797, 81920, 0, 0
2026/05/13 22:24:14.998, 1, NVIDIA A100-SXM4-80GB, 75797, 81920, 0, 0
2026/05/13 22:24:19.999, 0, NVIDIA A100-SXM4-80GB, 75797, 81920, 0, 0
2026/05/13 22:24:20.003, 1, NVIDIA A100-SXM4-80GB, 75797, 81920, 0, 0
2026/05/13 22:24:25.005, 0, NVIDIA A100-SXM4-80GB, 75797, 81920, 0, 0
2026/05/13 22:24:25.007, 1, NVIDIA A100-SXM4-80GB, 75797, 81920, 0, 0
2026/05/13 22:24:30.008, 0, NVIDIA A100-SXM4-80GB, 75797, 81920, 0, 0
2026/05/13 22:24:30.010, 1, NVIDIA A100-SXM4-80GB, 75797, 81920, 0, 0
2026/05/13 22:24:35.012, 0, NVIDIA A100-SXM4-80GB, 75797, 81920, 0, 0
2026/05/13 22:24:35.013, 1, NVIDIA A100-SXM4-80GB, 75797, 81920, 0, 0
2026/05/13 22:24:40.015, 0, NVIDIA A100-SXM4-80GB, 75797, 81920, 0, 0
2026/05/13 22:24:40.017, 1, NVIDIA A100-SXM4-80GB, 75797, 81920, 0, 0
2026/05/13 22:24:45.018, 0, NVIDIA A100-SXM4-80GB, 75797, 81920, 0, 0
2026/05/13 22:24:45.020, 1, NVIDIA A100-SXM4-80GB, 75797, 81920, 0, 0
2026/05/13 22:24:50.022, 0, NVIDIA A100-SXM4-80GB, 75797, 81920, 0, 0
2026/05/13 22:24:50.024, 1, NVIDIA A100-SXM4-80GB, 75797, 81920, 0, 0
2026/05/13 22:24:55.026, 0, NVIDIA A100-SXM4-80GB, 75797, 81920, 0, 0
2026/05/13 22:24:55.027, 1, NVIDIA A100-SXM4-80GB, 75797, 81920, 0, 0
2026/05/13 22:25:00.029, 0, NVIDIA A100-SXM4-80GB, 75797, 81920, 0, 0
2026/05/13 22:25:00.030, 1, NVIDIA A100-SXM4-80GB, 75797, 81920, 0, 0
2026/05/13 22:25:05.032, 0, NVIDIA A100-SXM4-80GB, 75797, 81920, 0, 0
2026/05/13 22:25:05.033, 1, NVIDIA A100-SXM4-80GB, 75797, 81920, 0, 0
2026/05/13 22:25:10.035, 0, NVIDIA A100-SXM4-80GB, 75797, 81920, 0, 0
2026/05/13 22:25:10.037, 1, NVIDIA A100-SXM4-80GB, 75797, 81920, 0, 0
2026/05/13 22:25:15.038, 0, NVIDIA A100-SXM4-80GB, 75797, 81920, 0, 0
2026/05/13 22:25:15.040, 1, NVIDIA A100-SXM4-80GB, 75797, 81920, 0, 0
2026/05/13 22:25:20.042, 0, NVIDIA A100-SXM4-80GB, 75797, 81920, 0, 0
2026/05/13 22:25:20.043, 1, NVIDIA A100-SXM4-80GB, 75797, 81920, 0, 0
2026/05/13 22:25:25.045, 0, NVIDIA A100-SXM4-80GB, 75797, 81920, 0, 0
2026/05/13 22:25:25.047, 1, NVIDIA A100-SXM4-80GB, 75797, 81920, 0, 0
2026/05/13 22:25:30.049, 0, NVIDIA A100-SXM4-80GB, 75797, 81920, 0, 0
2026/05/13 22:25:30.051, 1, NVIDIA A100-SXM4-80GB, 75797, 81920, 0, 0
2026/05/13 22:25:35.052, 0, NVIDIA A100-SXM4-80GB, 75797, 81920, 0, 0
2026/05/13 22:25:35.054, 1, NVIDIA A100-SXM4-80GB, 75797, 81920, 0, 0
2026/05/13 22:25:40.056, 0, NVIDIA A100-SXM4-80GB, 75797, 81920, 0, 0
2026/05/13 22:25:40.058, 1, NVIDIA A100-SXM4-80GB, 75797, 81920, 0, 0
2026/05/13 22:25:45.059, 0, NVIDIA A100-SXM4-80GB, 75797, 81920, 0, 0
2026/05/13 22:25:45.061, 1, NVIDIA A100-SXM4-80GB, 75797, 81920, 0, 0
2026/05/13 22:25:50.062, 0, NVIDIA A100-SXM4-80GB, 75797, 81920, 0, 0
2026/05/13 22:25:50.064, 1, NVIDIA A100-SXM4-80GB, 75797, 81920, 0, 0
2026/05/13 22:25:55.066, 0, NVIDIA A100-SXM4-80GB, 75797, 81920, 0, 0
2026/05/13 22:25:55.067, 1, NVIDIA A100-SXM4-80GB, 75797, 81920, 0, 0
2026/05/13 22:26:00.069, 0, NVIDIA A100-SXM4-80GB, 75797, 81920, 0, 0
2026/05/13 22:26:00.071, 1, NVIDIA A100-SXM4-80GB, 75797, 81920, 0, 0
2026/05/13 22:26:05.072, 0, NVIDIA A100-SXM4-80GB, 75797, 81920, 97, 84
2026/05/13 22:26:05.074, 1, NVIDIA A100-SXM4-80GB, 75797, 81920, 98, 84
2026/05/13 22:26:10.076, 0, NVIDIA A100-SXM4-80GB, 75797, 81920, 0, 0
2026/05/13 22:26:10.077, 1, NVIDIA A100-SXM4-80GB, 75797, 81920, 0, 0
2026/05/13 22:26:15.078, 0, NVIDIA A100-SXM4-80GB, 75797, 81920, 0, 0
2026/05/13 22:26:15.079, 1, NVIDIA A100-SXM4-80GB, 75797, 81920, 0, 0
2026/05/13 22:26:20.081, 0, NVIDIA A100-SXM4-80GB, 75797, 81920, 0, 0
2026/05/13 22:26:20.083, 1, NVIDIA A100-SXM4-80GB, 75797, 81920, 0, 0
2026/05/13 22:26:25.084, 0, NVIDIA A100-SXM4-80GB, 75797, 81920, 0, 0
2026/05/13 22:26:25.086, 1, NVIDIA A100-SXM4-80GB, 75797, 81920, 0, 0
2026/05/13 22:26:30.088, 0, NVIDIA A100-SXM4-80GB, 75797, 81920, 0, 0
2026/05/13 22:26:30.089, 1, NVIDIA A100-SXM4-80GB, 75797, 81920, 0, 0
2026/05/13 22:26:35.091, 0, NVIDIA A100-SXM4-80GB, 75797, 81920, 0, 0
2026/05/13 22:26:35.093, 1, NVIDIA A100-SXM4-80GB, 75797, 81920, 0, 0
2026/05/13 22:26:40.095, 0, NVIDIA A100-SXM4-80GB, 75797, 81920, 0, 0
2026/05/13 22:26:40.096, 1, NVIDIA A100-SXM4-80GB, 75797, 81920, 0, 0
2026/05/13 22:26:45.098, 0, NVIDIA A100-SXM4-80GB, 75797, 81920, 0, 0
2026/05/13 22:26:45.106, 1, NVIDIA A100-SXM4-80GB, 75797, 81920, 0, 0
2026/05/13 22:26:50.107, 0, NVIDIA A100-SXM4-80GB, 75797, 81920, 0, 0
2026/05/13 22:26:50.108, 1, NVIDIA A100-SXM4-80GB, 75797, 81920, 0, 0
2026/05/13 22:26:55.110, 0, NVIDIA A100-SXM4-80GB, 75797, 81920, 0, 0
2026/05/13 22:26:55.111, 1, NVIDIA A100-SXM4-80GB, 75797, 81920, 0, 0
2026/05/13 22:27:00.113, 0, NVIDIA A100-SXM4-80GB, 75797, 81920, 0, 0
2026/05/13 22:27:00.114, 1, NVIDIA A100-SXM4-80GB, 75797, 81920, 0, 0
2026/05/13 22:27:05.116, 0, NVIDIA A100-SXM4-80GB, 75797, 81920, 0, 0
2026/05/13 22:27:05.117, 1, NVIDIA A100-SXM4-80GB, 75797, 81920, 0, 0
2026/05/13 22:27:10.118, 0, NVIDIA A100-SXM4-80GB, 75797, 81920, 0, 0
2026/05/13 22:27:10.121, 1, NVIDIA A100-SXM4-80GB, 75797, 81920, 0, 0
2026/05/13 22:27:15.123, 0, NVIDIA A100-SXM4-80GB, 75797, 81920, 0, 0
2026/05/13 22:27:15.124, 1, NVIDIA A100-SXM4-80GB, 75797, 81920, 0, 0
2026/05/13 22:27:20.125, 0, NVIDIA A100-SXM4-80GB, 75797, 81920, 0, 0
2026/05/13 22:27:20.127, 1, NVIDIA A100-SXM4-80GB, 75797, 81920, 0, 0
2026/05/13 22:27:25.128, 0, NVIDIA A100-SXM4-80GB, 75797, 81920, 0, 0
2026/05/13 22:27:25.130, 1, NVIDIA A100-SXM4-80GB, 75797, 81920, 0, 0
2026/05/13 22:27:30.131, 0, NVIDIA A100-SXM4-80GB, 75797, 81920, 0, 0
2026/05/13 22:27:30.133, 1, NVIDIA A100-SXM4-80GB, 75797, 81920, 0, 0
2026/05/13 22:27:35.134, 0, NVIDIA A100-SXM4-80GB, 75797, 81920, 0, 0
2026/05/13 22:27:35.136, 1, NVIDIA A100-SXM4-80GB, 75797, 81920, 0, 0
2026/05/13 22:27:40.138, 0, NVIDIA A100-SXM4-80GB, 75797, 81920, 0, 0
2026/05/13 22:27:40.139, 1, NVIDIA A100-SXM4-80GB, 75797, 81920, 0, 0
2026/05/13 22:27:45.141, 0, NVIDIA A100-SXM4-80GB, 75797, 81920, 0, 0
2026/05/13 22:27:45.142, 1, NVIDIA A100-SXM4-80GB, 75797, 81920, 0, 0
2026/05/13 22:27:50.144, 0, NVIDIA A100-SXM4-80GB, 75797, 81920, 0, 0
2026/05/13 22:27:50.145, 1, NVIDIA A100-SXM4-80GB, 75797, 81920, 0, 0
2026/05/13 22:27:55.147, 0, NVIDIA A100-SXM4-80GB, 75797, 81920, 0, 0
2026/05/13 22:27:55.149, 1, NVIDIA A100-SXM4-80GB, 75797, 81920, 0, 0
2026/05/13 22:28:00.151, 0, NVIDIA A100-SXM4-80GB, 75797, 81920, 0, 0
2026/05/13 22:28:00.152, 1, NVIDIA A100-SXM4-80GB, 75797, 81920, 0, 0
2026/05/13 22:28:05.153, 0, NVIDIA A100-SXM4-80GB, 75797, 81920, 0, 0
2026/05/13 22:28:05.155, 1, NVIDIA A100-SXM4-80GB, 75797, 81920, 0, 0
2026/05/13 22:28:10.156, 0, NVIDIA A100-SXM4-80GB, 75797, 81920, 0, 0
2026/05/13 22:28:10.158, 1, NVIDIA A100-SXM4-80GB, 75797, 81920, 0, 0
2026/05/13 22:28:15.160, 0, NVIDIA A100-SXM4-80GB, 75797, 81920, 0, 0
2026/05/13 22:28:15.162, 1, NVIDIA A100-SXM4-80GB, 75797, 81920, 0, 0
2026/05/13 22:28:20.163, 0, NVIDIA A100-SXM4-80GB, 75797, 81920, 0, 0
2026/05/13 22:28:20.165, 1, NVIDIA A100-SXM4-80GB, 75797, 81920, 0, 0
2026/05/13 22:28:25.167, 0, NVIDIA A100-SXM4-80GB, 75797, 81920, 0, 0
2026/05/13 22:28:25.168, 1, NVIDIA A100-SXM4-80GB, 75797, 81920, 0, 0
2026/05/13 22:28:30.171, 0, NVIDIA A100-SXM4-80GB, 75797, 81920, 0, 0
2026/05/13 22:28:30.172, 1, NVIDIA A100-SXM4-80GB, 75797, 81920, 0, 0
2026/05/13 22:28:35.173, 0, NVIDIA A100-SXM4-80GB, 75797, 81920, 0, 0
2026/05/13 22:28:35.176, 1, NVIDIA A100-SXM4-80GB, 75797, 81920, 0, 0
2026/05/13 22:28:40.177, 0, NVIDIA A100-SXM4-80GB, 75797, 81920, 0, 0
2026/05/13 22:28:40.179, 1, NVIDIA A100-SXM4-80GB, 75797, 81920, 0, 0
2026/05/13 22:28:45.181, 0, NVIDIA A100-SXM4-80GB, 75797, 81920, 0, 0
2026/05/13 22:28:45.183, 1, NVIDIA A100-SXM4-80GB, 75797, 81920, 0, 0
2026/05/13 22:28:50.184, 0, NVIDIA A100-SXM4-80GB, 75797, 81920, 0, 0
2026/05/13 22:28:50.186, 1, NVIDIA A100-SXM4-80GB, 75797, 81920, 0, 0
2026/05/13 22:28:55.188, 0, NVIDIA A100-SXM4-80GB, 75797, 81920, 0, 0
2026/05/13 22:28:55.190, 1, NVIDIA A100-SXM4-80GB, 75797, 81920, 0, 0
2026/05/13 22:29:00.192, 0, NVIDIA A100-SXM4-80GB, 75797, 81920, 0, 0
2026/05/13 22:29:00.193, 1, NVIDIA A100-SXM4-80GB, 75797, 81920, 0, 0
2026/05/13 22:29:05.196, 0, NVIDIA A100-SXM4-80GB, 75797, 81920, 0, 0
2026/05/13 22:29:05.197, 1, NVIDIA A100-SXM4-80GB, 75797, 81920, 0, 0
2026/05/13 22:29:10.199, 0, NVIDIA A100-SXM4-80GB, 75797, 81920, 0, 0
2026/05/13 22:29:10.202, 1, NVIDIA A100-SXM4-80GB, 75797, 81920, 0, 0
2026/05/13 22:29:15.203, 0, NVIDIA A100-SXM4-80GB, 75797, 81920, 0, 0
2026/05/13 22:29:15.204, 1, NVIDIA A100-SXM4-80GB, 75797, 81920, 0, 0
2026/05/13 22:29:20.206, 0, NVIDIA A100-SXM4-80GB, 75797, 81920, 0, 0
2026/05/13 22:29:20.208, 1, NVIDIA A100-SXM4-80GB, 75797, 81920, 0, 0
2026/05/13 22:29:25.209, 0, NVIDIA A100-SXM4-80GB, 75797, 81920, 0, 0
2026/05/13 22:29:25.212, 1, NVIDIA A100-SXM4-80GB, 75797, 81920, 0, 0
2026/05/13 22:29:30.214, 0, NVIDIA A100-SXM4-80GB, 75797, 81920, 0, 0
2026/05/13 22:29:30.216, 1, NVIDIA A100-SXM4-80GB, 75797, 81920, 0, 0
2026/05/13 22:29:35.217, 0, NVIDIA A100-SXM4-80GB, 75797, 81920, 0, 0
2026/05/13 22:29:35.220, 1, NVIDIA A100-SXM4-80GB, 75797, 81920, 0, 0
2026/05/13 22:29:40.223, 0, NVIDIA A100-SXM4-80GB, 75797, 81920, 0, 0
2026/05/13 22:29:40.224, 1, NVIDIA A100-SXM4-80GB, 75797, 81920, 0, 0
2026/05/13 22:29:45.226, 0, NVIDIA A100-SXM4-80GB, 75797, 81920, 0, 0
2026/05/13 22:29:45.228, 1, NVIDIA A100-SXM4-80GB, 75797, 81920, 0, 0
2026/05/13 22:29:50.229, 0, NVIDIA A100-SXM4-80GB, 75797, 81920, 0, 0
2026/05/13 22:29:50.232, 1, NVIDIA A100-SXM4-80GB, 75797, 81920, 0, 0
2026/05/13 22:29:55.233, 0, NVIDIA A100-SXM4-80GB, 75797, 81920, 0, 0
2026/05/13 22:29:55.235, 1, NVIDIA A100-SXM4-80GB, 75797, 81920, 0, 0
2026/05/13 22:30:00.237, 0, NVIDIA A100-SXM4-80GB, 75797, 81920, 0, 0
2026/05/13 22:30:00.238, 1, NVIDIA A100-SXM4-80GB, 75797, 81920, 0, 0
2026/05/13 22:30:05.240, 0, NVIDIA A100-SXM4-80GB, 76219, 81920, 0, 0
2026/05/13 22:30:05.242, 1, NVIDIA A100-SXM4-80GB, 76219, 81920, 3, 0
2026/05/13 22:30:10.243, 0, NVIDIA A100-SXM4-80GB, 75797, 81920, 0, 0
2026/05/13 22:30:10.245, 1, NVIDIA A100-SXM4-80GB, 75797, 81920, 0, 0
2026/05/13 22:30:15.247, 0, NVIDIA A100-SXM4-80GB, 75797, 81920, 0, 0
2026/05/13 22:30:15.248, 1, NVIDIA A100-SXM4-80GB, 75797, 81920, 0, 0
2026/05/13 22:30:20.250, 0, NVIDIA A100-SXM4-80GB, 75797, 81920, 0, 0
2026/05/13 22:30:20.251, 1, NVIDIA A100-SXM4-80GB, 75797, 81920, 0, 0
2026/05/13 22:30:25.252, 0, NVIDIA A100-SXM4-80GB, 75797, 81920, 0, 0
2026/05/13 22:30:25.254, 1, NVIDIA A100-SXM4-80GB, 75797, 81920, 0, 0
2026/05/13 22:30:30.256, 0, NVIDIA A100-SXM4-80GB, 75797, 81920, 0, 0
2026/05/13 22:30:30.257, 1, NVIDIA A100-SXM4-80GB, 75797, 81920, 0, 0
2026/05/13 22:30:35.259, 0, NVIDIA A100-SXM4-80GB, 75797, 81920, 0, 0
2026/05/13 22:30:35.261, 1, NVIDIA A100-SXM4-80GB, 75797, 81920, 0, 0
2026/05/13 22:30:40.262, 0, NVIDIA A100-SXM4-80GB, 75797, 81920, 0, 0
2026/05/13 22:30:40.264, 1, NVIDIA A100-SXM4-80GB, 75797, 81920, 0, 0
2026/05/13 22:30:45.265, 0, NVIDIA A100-SXM4-80GB, 75797, 81920, 0, 0
2026/05/13 22:30:45.267, 1, NVIDIA A100-SXM4-80GB, 75797, 81920, 0, 0
2026/05/13 22:30:50.268, 0, NVIDIA A100-SXM4-80GB, 75797, 81920, 0, 0
2026/05/13 22:30:50.270, 1, NVIDIA A100-SXM4-80GB, 75797, 81920, 0, 0
2026/05/13 22:30:55.271, 0, NVIDIA A100-SXM4-80GB, 75797, 81920, 0, 0
2026/05/13 22:30:55.273, 1, NVIDIA A100-SXM4-80GB, 75797, 81920, 0, 0
2026/05/13 22:31:00.275, 0, NVIDIA A100-SXM4-80GB, 75797, 81920, 0, 0
2026/05/13 22:31:00.276, 1, NVIDIA A100-SXM4-80GB, 75797, 81920, 0, 0
2026/05/13 22:31:05.277, 0, NVIDIA A100-SXM4-80GB, 75797, 81920, 0, 0
2026/05/13 22:31:05.279, 1, NVIDIA A100-SXM4-80GB, 75797, 81920, 0, 0
2026/05/13 22:31:10.280, 0, NVIDIA A100-SXM4-80GB, 75797, 81920, 0, 0
2026/05/13 22:31:10.282, 1, NVIDIA A100-SXM4-80GB, 75797, 81920, 0, 0
2026/05/13 22:31:15.283, 0, NVIDIA A100-SXM4-80GB, 75797, 81920, 0, 0
2026/05/13 22:31:15.285, 1, NVIDIA A100-SXM4-80GB, 75797, 81920, 0, 0
2026/05/13 22:31:20.287, 0, NVIDIA A100-SXM4-80GB, 75797, 81920, 0, 0
2026/05/13 22:31:20.288, 1, NVIDIA A100-SXM4-80GB, 75797, 81920, 0, 0
2026/05/13 22:31:25.290, 0, NVIDIA A100-SXM4-80GB, 75797, 81920, 0, 0
2026/05/13 22:31:25.292, 1, NVIDIA A100-SXM4-80GB, 75797, 81920, 0, 0
2026/05/13 22:31:30.293, 0, NVIDIA A100-SXM4-80GB, 75797, 81920, 0, 0
2026/05/13 22:31:30.295, 1, NVIDIA A100-SXM4-80GB, 75797, 81920, 0, 0
2026/05/13 22:31:35.297, 0, NVIDIA A100-SXM4-80GB, 75797, 81920, 0, 0
2026/05/13 22:31:35.299, 1, NVIDIA A100-SXM4-80GB, 75797, 81920, 0, 0
2026/05/13 22:31:40.302, 0, NVIDIA A100-SXM4-80GB, 75797, 81920, 0, 0
2026/05/13 22:31:40.303, 1, NVIDIA A100-SXM4-80GB, 75797, 81920, 0, 0
2026/05/13 22:31:45.305, 0, NVIDIA A100-SXM4-80GB, 75797, 81920, 0, 0
2026/05/13 22:31:45.306, 1, NVIDIA A100-SXM4-80GB, 75797, 81920, 0, 0
2026/05/13 22:31:50.308, 0, NVIDIA A100-SXM4-80GB, 75797, 81920, 0, 0
2026/05/13 22:31:50.309, 1, NVIDIA A100-SXM4-80GB, 75797, 81920, 0, 0
2026/05/13 22:31:55.311, 0, NVIDIA A100-SXM4-80GB, 75797, 81920, 0, 0
2026/05/13 22:31:55.313, 1, NVIDIA A100-SXM4-80GB, 75797, 81920, 0, 0
2026/05/13 22:32:00.314, 0, NVIDIA A100-SXM4-80GB, 75797, 81920, 0, 0
2026/05/13 22:32:00.316, 1, NVIDIA A100-SXM4-80GB, 75797, 81920, 0, 0
2026/05/13 22:32:05.318, 0, NVIDIA A100-SXM4-80GB, 75797, 81920, 0, 0
2026/05/13 22:32:05.319, 1, NVIDIA A100-SXM4-80GB, 75797, 81920, 0, 0
2026/05/13 22:32:10.321, 0, NVIDIA A100-SXM4-80GB, 75797, 81920, 0, 0
2026/05/13 22:32:10.323, 1, NVIDIA A100-SXM4-80GB, 75797, 81920, 0, 0
