timestamp_unix,latency_ms,ok,http_status,instance,error
1782084190.554152,13.651,1,200,inference-gateway-78cbd9f4cc-jfshj,
1782084190.655783,1.554,1,200,inference-gateway-78cbd9f4cc-jfshj,
1782084190.760512,3.923,1,200,inference-gateway-78cbd9f4cc-jfshj,
1782084190.864143,5.229,1,200,inference-gateway-78cbd9f4cc-jfshj,
1782084190.966562,6.383,1,200,inference-gateway-78cbd9f4cc-jfshj,
1782084191.067935,3.011,1,200,inference-gateway-78cbd9f4cc-6tmfp,
1782084191.168637,2.445,1,200,inference-gateway-78cbd9f4cc-jfshj,
1782084191.270375,2.448,1,200,inference-gateway-78cbd9f4cc-6tmfp,
1782084191.374339,2.356,1,200,inference-gateway-78cbd9f4cc-jfshj,
1782084191.476086,2.147,1,200,inference-gateway-78cbd9f4cc-jfshj,
1782084191.578101,3.713,1,200,inference-gateway-78cbd9f4cc-6tmfp,
1782084191.682326,3.549,1,200,inference-gateway-78cbd9f4cc-6tmfp,
1782084191.782807,3.477,1,200,inference-gateway-78cbd9f4cc-jfshj,
1782084191.884322,3.525,1,200,inference-gateway-78cbd9f4cc-6tmfp,
1782084191.985834,4.238,1,200,inference-gateway-78cbd9f4cc-jfshj,
1782084192.089360,3.107,1,200,inference-gateway-78cbd9f4cc-jfshj,
1782084192.190866,4.641,1,200,inference-gateway-78cbd9f4cc-jfshj,
1782084192.294874,3.112,1,200,inference-gateway-78cbd9f4cc-jfshj,
1782084192.396046,3.120,1,200,inference-gateway-78cbd9f4cc-6tmfp,
1782084192.496765,1.280,1,200,inference-gateway-78cbd9f4cc-6tmfp,
1782084192.598330,2.570,1,200,inference-gateway-78cbd9f4cc-jfshj,
1782084192.698876,4.206,1,200,inference-gateway-78cbd9f4cc-jfshj,
1782084192.800267,4.014,1,200,inference-gateway-78cbd9f4cc-6tmfp,
1782084192.901057,2.957,1,200,inference-gateway-78cbd9f4cc-jfshj,
1782084193.002244,3.098,1,200,inference-gateway-78cbd9f4cc-jfshj,
1782084193.103157,3.488,1,200,inference-gateway-78cbd9f4cc-6tmfp,
1782084193.204850,3.184,1,200,inference-gateway-78cbd9f4cc-6tmfp,
1782084193.305930,4.534,1,200,inference-gateway-78cbd9f4cc-jfshj,
1782084193.408963,19.520,1,200,inference-gateway-78cbd9f4cc-jfshj,
1782084193.552167,18.730,1,200,inference-gateway-78cbd9f4cc-jfshj,
1782084193.652929,1.803,1,200,inference-gateway-78cbd9f4cc-6tmfp,
1782084193.754238,2.407,1,200,inference-gateway-78cbd9f4cc-jfshj,
1782084193.855001,4.288,1,200,inference-gateway-78cbd9f4cc-6tmfp,
1782084193.955681,3.107,1,200,inference-gateway-78cbd9f4cc-jfshj,
1782084194.056909,4.302,1,200,inference-gateway-78cbd9f4cc-6tmfp,
1782084194.157929,4.600,1,200,inference-gateway-78cbd9f4cc-jfshj,
1782084194.262047,4.346,1,200,inference-gateway-78cbd9f4cc-6tmfp,
1782084194.362707,4.752,1,200,inference-gateway-78cbd9f4cc-jfshj,
1782084194.463823,1.259,1,200,inference-gateway-78cbd9f4cc-6tmfp,
1782084194.564731,1.690,1,200,inference-gateway-78cbd9f4cc-6tmfp,
1782084194.665761,2.760,1,200,inference-gateway-78cbd9f4cc-6tmfp,
1782084194.766859,3.480,1,200,inference-gateway-78cbd9f4cc-jfshj,
1782084194.867071,1.708,1,200,inference-gateway-78cbd9f4cc-6tmfp,
1782084194.968531,3.272,1,200,inference-gateway-78cbd9f4cc-6tmfp,
1782084195.069810,3.008,1,200,inference-gateway-78cbd9f4cc-6tmfp,
1782084195.170827,4.280,1,200,inference-gateway-78cbd9f4cc-jfshj,
1782084195.271793,4.741,1,200,inference-gateway-78cbd9f4cc-6tmfp,
1782084195.371929,2.603,1,200,inference-gateway-78cbd9f4cc-jfshj,
1782084195.473918,3.391,1,200,inference-gateway-78cbd9f4cc-6tmfp,
1782084195.574822,1.555,1,200,inference-gateway-78cbd9f4cc-6tmfp,
1782084195.675733,2.091,1,200,inference-gateway-78cbd9f4cc-6tmfp,
1782084195.776819,1.849,1,200,inference-gateway-78cbd9f4cc-6tmfp,
1782084195.877833,3.119,1,200,inference-gateway-78cbd9f4cc-6tmfp,
1782084195.978932,5.129,1,200,inference-gateway-78cbd9f4cc-6tmfp,
1782084196.079626,1.218,1,200,inference-gateway-78cbd9f4cc-6tmfp,
1782084196.180705,1.016,1,200,inference-gateway-78cbd9f4cc-6tmfp,
1782084196.281902,0.991,1,200,inference-gateway-78cbd9f4cc-6tmfp,
1782084196.382881,1.059,1,200,inference-gateway-78cbd9f4cc-6tmfp,
1782084196.483876,1.181,1,200,inference-gateway-78cbd9f4cc-6tmfp,
1782084196.584935,1.083,1,200,inference-gateway-78cbd9f4cc-6tmfp,
1782084196.685609,1.226,1,200,inference-gateway-78cbd9f4cc-6tmfp,
1782084196.787652,1.026,1,200,inference-gateway-78cbd9f4cc-6tmfp,
1782084196.888673,1.025,1,200,inference-gateway-78cbd9f4cc-6tmfp,
1782084196.990361,1.350,1,200,inference-gateway-78cbd9f4cc-6tmfp,
1782084197.092449,4.228,1,200,inference-gateway-78cbd9f4cc-6tmfp,
1782084197.192799,4.414,1,200,inference-gateway-78cbd9f4cc-6tmfp,
1782084197.293777,4.022,1,200,inference-gateway-78cbd9f4cc-6tmfp,
1782084197.393901,4.729,1,200,inference-gateway-78cbd9f4cc-6tmfp,
1782084197.494863,4.832,1,200,inference-gateway-78cbd9f4cc-6tmfp,
1782084197.594956,5.034,1,200,inference-gateway-78cbd9f4cc-6tmfp,
1782084197.695802,4.030,1,200,inference-gateway-78cbd9f4cc-6tmfp,
1782084197.795979,5.037,1,200,inference-gateway-78cbd9f4cc-6tmfp,
1782084197.898210,4.360,1,200,inference-gateway-78cbd9f4cc-6tmfp,
1782084197.998904,4.355,1,200,inference-gateway-78cbd9f4cc-6tmfp,
1782084198.104207,4.690,1,200,inference-gateway-78cbd9f4cc-6tmfp,
1782084198.204930,4.871,1,200,inference-gateway-78cbd9f4cc-6tmfp,
1782084198.307090,4.359,1,200,inference-gateway-78cbd9f4cc-6tmfp,
1782084198.408260,4.128,1,200,inference-gateway-78cbd9f4cc-6tmfp,
1782084198.509501,4.376,1,200,inference-gateway-78cbd9f4cc-6tmfp,
1782084198.610557,3.593,1,200,inference-gateway-78cbd9f4cc-6tmfp,
1782084198.711852,4.425,1,200,inference-gateway-78cbd9f4cc-6tmfp,
1782084198.812931,3.621,1,200,inference-gateway-78cbd9f4cc-6tmfp,
1782084198.913796,4.326,1,200,inference-gateway-78cbd9f4cc-6tmfp,
1782084199.014744,3.548,1,200,inference-gateway-78cbd9f4cc-6tmfp,
1782084199.117991,4.387,1,200,inference-gateway-78cbd9f4cc-6tmfp,
1782084199.219777,4.014,1,200,inference-gateway-78cbd9f4cc-6tmfp,
1782084199.320487,4.551,1,200,inference-gateway-78cbd9f4cc-6tmfp,
1782084199.420852,4.238,1,200,inference-gateway-78cbd9f4cc-6tmfp,
1782084199.524109,4.366,1,200,inference-gateway-78cbd9f4cc-6tmfp,
1782084199.625170,4.053,1,200,inference-gateway-78cbd9f4cc-6tmfp,
1782084199.725662,4.275,1,200,inference-gateway-78cbd9f4cc-6tmfp,
1782084199.827778,4.178,1,200,inference-gateway-78cbd9f4cc-6tmfp,
1782084199.929901,1.783,1,200,inference-gateway-78cbd9f4cc-6tmfp,
1782084200.030981,3.814,1,200,inference-gateway-78cbd9f4cc-6tmfp,
1782084200.131777,4.271,1,200,inference-gateway-78cbd9f4cc-6tmfp,
1782084200.232690,4.287,1,200,inference-gateway-78cbd9f4cc-6tmfp,
1782084200.332842,3.455,1,200,inference-gateway-78cbd9f4cc-6tmfp,
1782084200.433893,4.284,1,200,inference-gateway-78cbd9f4cc-6tmfp,
1782084200.534716,3.959,1,200,inference-gateway-78cbd9f4cc-6tmfp,
1782084200.635862,4.353,1,200,inference-gateway-78cbd9f4cc-6tmfp,
1782084200.736392,4.470,1,200,inference-gateway-78cbd9f4cc-6tmfp,
1782084200.836847,4.588,1,200,inference-gateway-78cbd9f4cc-6tmfp,
1782084200.937930,3.390,1,200,inference-gateway-78cbd9f4cc-6tmfp,
1782084201.038800,2.366,1,200,inference-gateway-78cbd9f4cc-6tmfp,
1782084201.140250,3.778,1,200,inference-gateway-78cbd9f4cc-6tmfp,
1782084201.241839,4.369,1,200,inference-gateway-78cbd9f4cc-6tmfp,
1782084201.343948,4.035,1,200,inference-gateway-78cbd9f4cc-6tmfp,
1782084201.444874,4.558,1,200,inference-gateway-78cbd9f4cc-6tmfp,
1782084201.545937,4.305,1,200,inference-gateway-78cbd9f4cc-6tmfp,
1782084201.647996,4.489,1,200,inference-gateway-78cbd9f4cc-6tmfp,
1782084201.749649,4.367,1,200,inference-gateway-78cbd9f4cc-6tmfp,
1782084201.849887,4.462,1,200,inference-gateway-78cbd9f4cc-6tmfp,
1782084201.950883,4.624,1,200,inference-gateway-78cbd9f4cc-6tmfp,
1782084202.052088,3.418,1,200,inference-gateway-78cbd9f4cc-6tmfp,
1782084202.153395,4.256,1,200,inference-gateway-78cbd9f4cc-6tmfp,
1782084202.254381,4.561,1,200,inference-gateway-78cbd9f4cc-6tmfp,
1782084202.354982,4.233,1,200,inference-gateway-78cbd9f4cc-6tmfp,
1782084202.458055,4.155,1,200,inference-gateway-78cbd9f4cc-6tmfp,
1782084202.558697,3.478,1,200,inference-gateway-78cbd9f4cc-6tmfp,
1782084202.658884,1.402,1,200,inference-gateway-78cbd9f4cc-6tmfp,
1782084202.760232,3.826,1,200,inference-gateway-78cbd9f4cc-6tmfp,
1782084202.861506,3.916,1,200,inference-gateway-78cbd9f4cc-gm9b5,
1782084202.961999,2.890,1,200,inference-gateway-78cbd9f4cc-6tmfp,
1782084203.063673,4.606,1,200,inference-gateway-78cbd9f4cc-gm9b5,
1782084203.164690,5.617,1,200,inference-gateway-78cbd9f4cc-6tmfp,
1782084203.265015,5.052,1,200,inference-gateway-78cbd9f4cc-6tmfp,
1782084203.365467,5.051,1,200,inference-gateway-78cbd9f4cc-gm9b5,
1782084203.467091,3.415,1,200,inference-gateway-78cbd9f4cc-gm9b5,
1782084203.567792,5.088,1,200,inference-gateway-78cbd9f4cc-6tmfp,
1782084203.673200,3.682,1,200,inference-gateway-78cbd9f4cc-6tmfp,
1782084203.773768,2.073,1,200,inference-gateway-78cbd9f4cc-6tmfp,
1782084203.874932,2.336,1,200,inference-gateway-78cbd9f4cc-6tmfp,
1782084203.976686,3.126,1,200,inference-gateway-78cbd9f4cc-gm9b5,
1782084204.077745,3.335,1,200,inference-gateway-78cbd9f4cc-6tmfp,
1782084204.178800,2.351,1,200,inference-gateway-78cbd9f4cc-gm9b5,
1782084204.280075,3.100,1,200,inference-gateway-78cbd9f4cc-gm9b5,
1782084204.380817,2.748,1,200,inference-gateway-78cbd9f4cc-6tmfp,
1782084204.481939,6.146,1,200,inference-gateway-78cbd9f4cc-gm9b5,
1782084204.583029,3.916,1,200,inference-gateway-78cbd9f4cc-6tmfp,
1782084204.683819,4.910,1,200,inference-gateway-78cbd9f4cc-gm9b5,
1782084204.784930,3.170,1,200,inference-gateway-78cbd9f4cc-gm9b5,
1782084204.886567,3.999,1,200,inference-gateway-78cbd9f4cc-6tmfp,
1782084204.987981,2.776,1,200,inference-gateway-78cbd9f4cc-6tmfp,
1782084205.089071,3.246,1,200,inference-gateway-78cbd9f4cc-gm9b5,
1782084205.189544,3.588,1,200,inference-gateway-78cbd9f4cc-6tmfp,
1782084205.290477,3.000,1,200,inference-gateway-78cbd9f4cc-6tmfp,
1782084205.391561,4.382,1,200,inference-gateway-78cbd9f4cc-gm9b5,
1782084205.491748,2.291,1,200,inference-gateway-78cbd9f4cc-gm9b5,
1782084205.592578,2.937,1,200,inference-gateway-78cbd9f4cc-6tmfp,
1782084205.693547,2.228,1,200,inference-gateway-78cbd9f4cc-6tmfp,
1782084205.793694,1.961,1,200,inference-gateway-78cbd9f4cc-6tmfp,
1782084205.894820,3.736,1,200,inference-gateway-78cbd9f4cc-6tmfp,
1782084205.999657,2.951,1,200,inference-gateway-78cbd9f4cc-6tmfp,
1782084206.100766,2.188,1,200,inference-gateway-78cbd9f4cc-gm9b5,
1782084206.201454,2.497,1,200,inference-gateway-78cbd9f4cc-6tmfp,
1782084206.302494,4.694,1,200,inference-gateway-78cbd9f4cc-6tmfp,
1782084206.403692,4.072,1,200,inference-gateway-78cbd9f4cc-6tmfp,
1782084206.504401,4.402,1,200,inference-gateway-78cbd9f4cc-6tmfp,
1782084206.605596,4.567,1,200,inference-gateway-78cbd9f4cc-gm9b5,
1782084206.706554,4.473,1,200,inference-gateway-78cbd9f4cc-gm9b5,
1782084206.811988,4.217,1,200,inference-gateway-78cbd9f4cc-gm9b5,
1782084206.912522,4.345,1,200,inference-gateway-78cbd9f4cc-6tmfp,
1782084207.013516,3.432,1,200,inference-gateway-78cbd9f4cc-6tmfp,
1782084207.113589,2.708,1,200,inference-gateway-78cbd9f4cc-6tmfp,
1782084207.214573,3.870,1,200,inference-gateway-78cbd9f4cc-gm9b5,
1782084207.315557,4.415,1,200,inference-gateway-78cbd9f4cc-gm9b5,
1782084207.416882,4.900,1,200,inference-gateway-78cbd9f4cc-6tmfp,
1782084207.517576,5.296,1,200,inference-gateway-78cbd9f4cc-6tmfp,
1782084207.618569,3.819,1,200,inference-gateway-78cbd9f4cc-6tmfp,
1782084207.719561,4.291,1,200,inference-gateway-78cbd9f4cc-6tmfp,
1782084207.820591,4.958,1,200,inference-gateway-78cbd9f4cc-gm9b5,
1782084207.921568,4.552,1,200,inference-gateway-78cbd9f4cc-6tmfp,
1782084208.022535,4.688,1,200,inference-gateway-78cbd9f4cc-gm9b5,
1782084208.123502,4.112,1,200,inference-gateway-78cbd9f4cc-6tmfp,
1782084208.225139,5.228,1,200,inference-gateway-78cbd9f4cc-gm9b5,
1782084208.325565,4.643,1,200,inference-gateway-78cbd9f4cc-gm9b5,
1782084208.426608,4.981,1,200,inference-gateway-78cbd9f4cc-gm9b5,
1782084208.527534,4.204,1,200,inference-gateway-78cbd9f4cc-gm9b5,
1782084208.627855,4.394,1,200,inference-gateway-78cbd9f4cc-gm9b5,
1782084208.728603,3.850,1,200,inference-gateway-78cbd9f4cc-6tmfp,
1782084208.829530,2.578,1,200,inference-gateway-78cbd9f4cc-6tmfp,
1782084208.930543,3.635,1,200,inference-gateway-78cbd9f4cc-gm9b5,
1782084209.032517,5.164,1,200,inference-gateway-78cbd9f4cc-gm9b5,
1782084209.133805,4.922,1,200,inference-gateway-78cbd9f4cc-gm9b5,
1782084209.235407,4.895,1,200,inference-gateway-78cbd9f4cc-gm9b5,
1782084209.336626,4.285,1,200,inference-gateway-78cbd9f4cc-gm9b5,
1782084209.437623,4.504,1,200,inference-gateway-78cbd9f4cc-gm9b5,
1782084209.538519,3.920,1,200,inference-gateway-78cbd9f4cc-6tmfp,
1782084209.639522,4.728,1,200,inference-gateway-78cbd9f4cc-6tmfp,
1782084209.740614,4.734,1,200,inference-gateway-78cbd9f4cc-6tmfp,
1782084209.841739,4.602,1,200,inference-gateway-78cbd9f4cc-6tmfp,
1782084209.945008,3.979,1,200,inference-gateway-78cbd9f4cc-6tmfp,
1782084210.045533,2.430,1,200,inference-gateway-78cbd9f4cc-gm9b5,
1782084210.145684,3.813,1,200,inference-gateway-78cbd9f4cc-6tmfp,
1782084210.247186,6.771,1,200,inference-gateway-78cbd9f4cc-gm9b5,
1782084210.347544,5.129,1,200,inference-gateway-78cbd9f4cc-6tmfp,
1782084210.448887,4.292,1,200,inference-gateway-78cbd9f4cc-6tmfp,
1782084210.549580,3.829,1,200,inference-gateway-78cbd9f4cc-gm9b5,
1782084210.650565,4.240,1,200,inference-gateway-78cbd9f4cc-6tmfp,
1782084210.751540,4.785,1,200,inference-gateway-78cbd9f4cc-gm9b5,
1782084210.852512,4.050,1,200,inference-gateway-78cbd9f4cc-6tmfp,
1782084210.952763,4.384,1,200,inference-gateway-78cbd9f4cc-6tmfp,
1782084211.053543,5.192,1,200,inference-gateway-78cbd9f4cc-gm9b5,
1782084211.154534,4.382,1,200,inference-gateway-78cbd9f4cc-6tmfp,
1782084211.257809,4.389,1,200,inference-gateway-78cbd9f4cc-gm9b5,
1782084211.358398,4.858,1,200,inference-gateway-78cbd9f4cc-gm9b5,
1782084211.459476,4.406,1,200,inference-gateway-78cbd9f4cc-6tmfp,
1782084211.559580,3.974,1,200,inference-gateway-78cbd9f4cc-gm9b5,
1782084211.661582,4.429,1,200,inference-gateway-78cbd9f4cc-gm9b5,
1782084211.762618,4.530,1,200,inference-gateway-78cbd9f4cc-6tmfp,
1782084211.863976,4.132,1,200,inference-gateway-78cbd9f4cc-6tmfp,
1782084211.964693,4.317,1,200,inference-gateway-78cbd9f4cc-6tmfp,
1782084212.067975,4.644,1,200,inference-gateway-78cbd9f4cc-gm9b5,
1782084212.168784,4.011,1,200,inference-gateway-78cbd9f4cc-6tmfp,
1782084212.269604,4.400,1,200,inference-gateway-78cbd9f4cc-gm9b5,
1782084212.370534,4.215,1,200,inference-gateway-78cbd9f4cc-gm9b5,
1782084212.471545,4.019,1,200,inference-gateway-78cbd9f4cc-gm9b5,
1782084212.572526,3.457,1,200,inference-gateway-78cbd9f4cc-6tmfp,
1782084212.673385,4.203,1,200,inference-gateway-78cbd9f4cc-gm9b5,
1782084212.773642,4.354,1,200,inference-gateway-78cbd9f4cc-gm9b5,
1782084212.876549,4.544,1,200,inference-gateway-78cbd9f4cc-6tmfp,
1782084212.977531,4.348,1,200,inference-gateway-78cbd9f4cc-gm9b5,
1782084213.078509,3.688,1,200,inference-gateway-78cbd9f4cc-gm9b5,
1782084213.178914,4.610,1,200,inference-gateway-78cbd9f4cc-gm9b5,
1782084213.279573,3.978,1,200,inference-gateway-78cbd9f4cc-gm9b5,
1782084213.380573,2.990,1,200,inference-gateway-78cbd9f4cc-6tmfp,
1782084213.481558,4.493,1,200,inference-gateway-78cbd9f4cc-6tmfp,
1782084213.582566,3.395,1,200,inference-gateway-78cbd9f4cc-6tmfp,
1782084213.683438,3.932,1,200,inference-gateway-78cbd9f4cc-6tmfp,
1782084213.784373,4.597,1,200,inference-gateway-78cbd9f4cc-6tmfp,
1782084213.885541,4.292,1,200,inference-gateway-78cbd9f4cc-gm9b5,
1782084213.986799,3.693,1,200,inference-gateway-78cbd9f4cc-gm9b5,
1782084214.087564,4.238,1,200,inference-gateway-78cbd9f4cc-6tmfp,
1782084214.188527,4.118,1,200,inference-gateway-78cbd9f4cc-gm9b5,
1782084214.290130,4.217,1,200,inference-gateway-78cbd9f4cc-6tmfp,
1782084214.390754,4.149,1,200,inference-gateway-78cbd9f4cc-6tmfp,
1782084214.492732,4.298,1,200,inference-gateway-78cbd9f4cc-6tmfp,
1782084214.593635,3.286,1,200,inference-gateway-78cbd9f4cc-gm9b5,
1782084214.694612,4.285,1,200,inference-gateway-78cbd9f4cc-6tmfp,
1782084214.796520,4.363,1,200,inference-gateway-78cbd9f4cc-gm9b5,
1782084214.902249,6.478,1,200,inference-gateway-78cbd9f4cc-6tmfp,
1782084215.003666,4.275,1,200,inference-gateway-78cbd9f4cc-6tmfp,
1782084215.104796,2.590,1,200,inference-gateway-78cbd9f4cc-gm9b5,
1782084215.205780,4.096,1,200,inference-gateway-78cbd9f4cc-6tmfp,
1782084215.306618,4.027,1,200,inference-gateway-78cbd9f4cc-6tmfp,
1782084215.408244,4.286,1,200,inference-gateway-78cbd9f4cc-6tmfp,
1782084215.510085,4.668,1,200,inference-gateway-78cbd9f4cc-6tmfp,
1782084215.611337,4.435,1,200,inference-gateway-78cbd9f4cc-6tmfp,
1782084215.713672,4.881,1,200,inference-gateway-78cbd9f4cc-gm9b5,
1782084215.815583,4.336,1,200,inference-gateway-78cbd9f4cc-6tmfp,
1782084215.917823,3.914,1,200,inference-gateway-78cbd9f4cc-gm9b5,
1782084216.018636,4.125,1,200,inference-gateway-78cbd9f4cc-6tmfp,
1782084216.120363,2.279,1,200,inference-gateway-78cbd9f4cc-6tmfp,
1782084216.222783,3.254,1,200,inference-gateway-78cbd9f4cc-6tmfp,
1782084216.323497,16.035,1,200,inference-gateway-78cbd9f4cc-6tmfp,
1782084216.425183,7.757,1,200,inference-gateway-78cbd9f4cc-6tmfp,
1782084216.525781,3.856,1,200,inference-gateway-78cbd9f4cc-6tmfp,
1782084216.628545,1.858,1,200,inference-gateway-78cbd9f4cc-gm9b5,
1782084216.731622,6.341,1,200,inference-gateway-78cbd9f4cc-gm9b5,
1782084216.833456,1.637,1,200,inference-gateway-78cbd9f4cc-gm9b5,
1782084216.934740,1.455,1,200,inference-gateway-78cbd9f4cc-gm9b5,
1782084217.042743,1.953,1,200,inference-gateway-78cbd9f4cc-6tmfp,
1782084217.154309,4.225,1,200,inference-gateway-78cbd9f4cc-gm9b5,
1782084217.256585,1.889,1,200,inference-gateway-78cbd9f4cc-gm9b5,
1782084217.359299,1.334,1,200,inference-gateway-78cbd9f4cc-gm9b5,
1782084217.459526,1.560,1,200,inference-gateway-78cbd9f4cc-gm9b5,
1782084217.560816,5.202,1,200,inference-gateway-78cbd9f4cc-gm9b5,
1782084217.661765,2.289,1,200,inference-gateway-78cbd9f4cc-gm9b5,
1782084217.762665,3.137,1,200,inference-gateway-78cbd9f4cc-6tmfp,
1782084217.863460,2.546,1,200,inference-gateway-78cbd9f4cc-gm9b5,
1782084217.964232,5.121,1,200,inference-gateway-78cbd9f4cc-6tmfp,
1782084218.066272,2.780,1,200,inference-gateway-78cbd9f4cc-6tmfp,
1782084218.167454,2.683,1,200,inference-gateway-78cbd9f4cc-6tmfp,
1782084218.269496,2.440,1,200,inference-gateway-78cbd9f4cc-6tmfp,
1782084218.370459,26.932,1,200,inference-gateway-78cbd9f4cc-6tmfp,
1782084218.471488,1.175,1,200,inference-gateway-78cbd9f4cc-6tmfp,
1782084218.577258,2.275,1,200,inference-gateway-78cbd9f4cc-gm9b5,
1782084218.678456,1.157,1,200,inference-gateway-78cbd9f4cc-gm9b5,
1782084218.784164,7.364,1,200,inference-gateway-78cbd9f4cc-gm9b5,
1782084218.902155,6.317,1,200,inference-gateway-78cbd9f4cc-gm9b5,
1782084219.002458,4.490,1,200,inference-gateway-78cbd9f4cc-6tmfp,
1782084219.103614,5.429,1,200,inference-gateway-78cbd9f4cc-6tmfp,
1782084219.203825,4.299,1,200,inference-gateway-78cbd9f4cc-6tmfp,
1782084219.305831,5.626,1,200,inference-gateway-78cbd9f4cc-6tmfp,
1782084219.408678,5.348,1,200,inference-gateway-78cbd9f4cc-6tmfp,
1782084219.510363,5.116,1,200,inference-gateway-78cbd9f4cc-6tmfp,
1782084219.614811,5.070,1,200,inference-gateway-78cbd9f4cc-gm9b5,
1782084219.715569,4.784,1,200,inference-gateway-78cbd9f4cc-gm9b5,
1782084219.816808,4.746,1,200,inference-gateway-78cbd9f4cc-gm9b5,
1782084219.917543,3.921,1,200,inference-gateway-78cbd9f4cc-6tmfp,
1782084220.018665,5.371,1,200,inference-gateway-78cbd9f4cc-gm9b5,
1782084220.119545,2.064,1,200,inference-gateway-78cbd9f4cc-gm9b5,
1782084220.220622,2.134,1,200,inference-gateway-78cbd9f4cc-6tmfp,
1782084220.321470,4.123,1,200,inference-gateway-78cbd9f4cc-gm9b5,
1782084220.425312,4.014,1,200,inference-gateway-78cbd9f4cc-gm9b5,
1782084220.526473,4.137,1,200,inference-gateway-78cbd9f4cc-6tmfp,
1782084220.630768,4.605,1,200,inference-gateway-78cbd9f4cc-6tmfp,
1782084220.731604,4.306,1,200,inference-gateway-78cbd9f4cc-gm9b5,
1782084220.832976,4.625,1,200,inference-gateway-78cbd9f4cc-gm9b5,
1782084220.933591,4.287,1,200,inference-gateway-78cbd9f4cc-6tmfp,
1782084221.034482,4.369,1,200,inference-gateway-78cbd9f4cc-6tmfp,
1782084221.135370,4.348,1,200,inference-gateway-78cbd9f4cc-gm9b5,
1782084221.237971,4.941,1,200,inference-gateway-78cbd9f4cc-gm9b5,
1782084221.340814,4.186,1,200,inference-gateway-78cbd9f4cc-6tmfp,
1782084221.441590,4.521,1,200,inference-gateway-78cbd9f4cc-6tmfp,
1782084221.545206,4.424,1,200,inference-gateway-78cbd9f4cc-6tmfp,
1782084221.645854,4.467,1,200,inference-gateway-78cbd9f4cc-gm9b5,
1782084221.746566,4.408,1,200,inference-gateway-78cbd9f4cc-6tmfp,
1782084221.847563,4.014,1,200,inference-gateway-78cbd9f4cc-gm9b5,
1782084221.948445,4.569,1,200,inference-gateway-78cbd9f4cc-gm9b5,
1782084222.048646,4.102,1,200,inference-gateway-78cbd9f4cc-6tmfp,
1782084222.149474,5.545,1,200,inference-gateway-78cbd9f4cc-gm9b5,
1782084222.250812,3.740,1,200,inference-gateway-78cbd9f4cc-6tmfp,
1782084222.355458,4.025,1,200,inference-gateway-78cbd9f4cc-6tmfp,
1782084222.457421,4.613,1,200,inference-gateway-78cbd9f4cc-gm9b5,
1782084222.558538,1.343,1,200,inference-gateway-78cbd9f4cc-6tmfp,
1782084222.660790,3.308,1,200,inference-gateway-78cbd9f4cc-gm9b5,
1782084222.761575,4.133,1,200,inference-gateway-78cbd9f4cc-6tmfp,
1782084222.863577,4.456,1,200,inference-gateway-78cbd9f4cc-gm9b5,
1782084222.965122,4.777,1,200,inference-gateway-78cbd9f4cc-6tmfp,
1782084223.066919,4.763,1,200,inference-gateway-78cbd9f4cc-gm9b5,
1782084223.167441,3.986,1,200,inference-gateway-78cbd9f4cc-gm9b5,
1782084223.270474,4.511,1,200,inference-gateway-78cbd9f4cc-gm9b5,
1782084223.373319,4.748,1,200,inference-gateway-78cbd9f4cc-gm9b5,
1782084223.475066,4.242,1,200,inference-gateway-78cbd9f4cc-gm9b5,
1782084223.576591,3.454,1,200,inference-gateway-78cbd9f4cc-gm9b5,
1782084223.678571,4.394,1,200,inference-gateway-78cbd9f4cc-gm9b5,
1782084223.779531,4.190,1,200,inference-gateway-78cbd9f4cc-6tmfp,
1782084223.881709,4.879,1,200,inference-gateway-78cbd9f4cc-6tmfp,
1782084223.982526,4.478,1,200,inference-gateway-78cbd9f4cc-gm9b5,
1782084224.083925,4.205,1,200,inference-gateway-78cbd9f4cc-gm9b5,
1782084224.184477,4.457,1,200,inference-gateway-78cbd9f4cc-gm9b5,
1782084224.286033,4.991,1,200,inference-gateway-78cbd9f4cc-6tmfp,
1782084224.386657,4.471,1,200,inference-gateway-78cbd9f4cc-6tmfp,
1782084224.487027,1.137,1,200,inference-gateway-78cbd9f4cc-6tmfp,
1782084224.587889,1.357,1,200,inference-gateway-78cbd9f4cc-6tmfp,
1782084224.688988,2.638,1,200,inference-gateway-78cbd9f4cc-6tmfp,
1782084224.790574,4.850,1,200,inference-gateway-78cbd9f4cc-6tmfp,
1782084224.893783,4.824,1,200,inference-gateway-78cbd9f4cc-6tmfp,
1782084224.997640,5.321,1,200,inference-gateway-78cbd9f4cc-gm9b5,
1782084225.103070,4.334,1,200,inference-gateway-78cbd9f4cc-gm9b5,
1782084225.203625,1.691,1,200,inference-gateway-78cbd9f4cc-gm9b5,
1782084225.304604,4.268,1,200,inference-gateway-78cbd9f4cc-6tmfp,
1782084225.406081,4.490,1,200,inference-gateway-78cbd9f4cc-gm9b5,
1782084225.506460,4.310,1,200,inference-gateway-78cbd9f4cc-6tmfp,
